{
	"meta": {
		"schema": "1.0",
		"version": "1.0",
		"name": "ACM Blueprint",
		"description": "",
		"requires": {
			"wordpress": "5.9.2",
			"acm": "0.16.0"
		}
	},
	"models": {
		"product": {
			"show_in_rest": true,
			"show_in_graphql": true,
			"singular": "Product",
			"plural": "Products",
			"slug": "product",
			"api_visibility": "public",
			"model_icon": "dashicons-cart",
			"description": "",
			"fields": {
				"1652302433598": {
					"show_in_rest": true,
					"show_in_graphql": true,
					"type": "number",
					"id": "1652302433598",
					"position": "0",
					"name": "Product ID",
					"slug": "bigCommerceID",
					"isRepeatableNumber": false,
					"numberType": "integer",
					"required": true,
					"description": "",
					"minValue": "",
					"maxValue": "",
					"step": ""
				},
				"1652302701250": {
					"show_in_rest": true,
					"show_in_graphql": true,
					"type": "text",
					"id": "1652302701250",
					"position": "10000",
					"name": "Name",
					"slug": "name",
					"isRepeatable": false,
					"isTitle": true,
					"inputType": "single",
					"required": false,
					"description": "",
					"minChars": "",
					"maxChars": "",
					"minRepeatable": "",
					"maxRepeatable": ""
				},
				"1652302915483": {
					"show_in_rest": true,
					"show_in_graphql": true,
					"type": "text",
					"id": "1652302915483",
					"position": "20000",
					"name": "Image Url",
					"slug": "imageUrl",
					"isRepeatable": false,
					"inputType": "single",
					"required": false,
					"description": "",
					"minChars": "",
					"maxChars": "",
					"minRepeatable": "",
					"maxRepeatable": ""
				},
				"1652302992340": {
					"show_in_rest": true,
					"show_in_graphql": true,
					"type": "text",
					"id": "1652302992340",
					"position": "30000",
					"name": "Description",
					"slug": "description",
					"isRepeatable": false,
					"inputType": "single",
					"required": false,
					"description": "",
					"minChars": "",
					"maxChars": "",
					"minRepeatable": "",
					"maxRepeatable": ""
				},
				"1652303042349": {
					"show_in_rest": true,
					"show_in_graphql": true,
					"type": "text",
					"id": "1652303042349",
					"position": "40000",
					"name": "Json",
					"slug": "json",
					"isRepeatable": false,
					"inputType": "single",
					"required": false,
					"description": "",
					"minChars": "",
					"maxChars": "",
					"minRepeatable": "",
					"maxRepeatable": ""
				},
				"1652303201450": {
					"show_in_rest": true,
					"show_in_graphql": true,
					"type": "text",
					"id": "1652303201450",
					"position": "5000",
					"name": "Sku",
					"slug": "sku",
					"isRepeatable": false,
					"inputType": "single",
					"required": false,
					"description": "",
					"minChars": "",
					"maxChars": "",
					"minRepeatable": "",
					"maxRepeatable": ""
				},
				"1652303948326": {
					"show_in_rest": true,
					"show_in_graphql": true,
					"type": "relationship",
					"id": "1652303948326",
					"position": "50000",
					"name": "Variants",
					"slug": "variants",
					"required": false,
					"description": "",
					"minChars": "",
					"maxChars": "",
					"minRepeatable": "",
					"maxRepeatable": "",
					"reference": "variant",
					"cardinality": "one-to-many",
					"enableReverse": false,
					"reverseName": "Products",
					"reverseSlug": "products"
				},
				"1652353890424": {
					"show_in_rest": true,
					"show_in_graphql": true,
					"type": "relationship",
					"id": "1652353890424",
					"position": "60000",
					"name": "Modifiers",
					"slug": "modifiers",
					"required": false,
					"description": "",
					"minChars": "",
					"maxChars": "",
					"minRepeatable": "",
					"maxRepeatable": "",
					"reference": "modifier",
					"cardinality": "one-to-many",
					"enableReverse": false,
					"reverseName": "Products",
					"reverseSlug": "products"
				},
				"1654284723919": {
					"show_in_rest": true,
					"show_in_graphql": true,
					"type": "relationship",
					"id": "1654284723919",
					"position": "70000",
					"name": "Images",
					"slug": "images",
					"required": false,
					"description": "",
					"minChars": "",
					"maxChars": "",
					"minRepeatable": "",
					"maxRepeatable": "",
					"reference": "image",
					"cardinality": "one-to-many",
					"enableReverse": false,
					"reverseName": "Products",
					"reverseSlug": "products"
				},
				"1655839034811": {
					"show_in_rest": true,
					"show_in_graphql": true,
					"type": "relationship",
					"id": "1655839034811",
					"position": "80000",
					"name": "Brand",
					"slug": "brand",
					"reference": "brand",
					"cardinality": "one-to-one",
					"enableReverse": true,
					"reverseName": "Products",
					"reverseSlug": "products",
					"required": false,
					"description": ""
				},
				"1655848695966": {
					"show_in_rest": true,
					"show_in_graphql": true,
					"type": "relationship",
					"id": "1655848695966",
					"position": "90000",
					"name": "Product Categories",
					"slug": "productCategories",
					"reference": "productcategory",
					"cardinality": "many-to-many",
					"enableReverse": true,
					"reverseName": "Products",
					"reverseSlug": "products",
					"required": false,
					"description": ""
				},
				"1655849186501": {
					"show_in_rest": true,
					"show_in_graphql": true,
					"type": "number",
					"id": "1655849186501",
					"position": "35000",
					"name": "Price",
					"slug": "price",
					"required": true,
					"description": "",
					"minChars": "",
					"maxChars": "",
					"minRepeatable": "",
					"maxRepeatable": "",
					"isRepeatableNumber": false,
					"numberType": "decimal",
					"minValue": "",
					"maxValue": "",
					"step": ""
				},
				"1655849689700": {
					"show_in_rest": true,
					"show_in_graphql": true,
					"type": "text",
					"id": "1655849689700",
					"position": "37500",
					"name": "Product Type",
					"slug": "productType",
					"isRepeatable": false,
					"inputType": "single",
					"required": true,
					"description": "",
					"minChars": "",
					"maxChars": "",
					"minRepeatable": "",
					"maxRepeatable": ""
				},
				"1655849752630": {
					"show_in_rest": true,
					"show_in_graphql": true,
					"type": "number",
					"id": "1655849752630",
					"position": "38750",
					"name": "Weight",
					"slug": "weight",
					"required": true,
					"description": "",
					"minChars": "",
					"maxChars": "",
					"minRepeatable": "",
					"maxRepeatable": "",
					"isRepeatableNumber": false,
					"numberType": "decimal",
					"minValue": "",
					"maxValue": "",
					"step": ""
				},
				"1655849903321": {
					"show_in_rest": true,
					"show_in_graphql": true,
					"type": "number",
					"id": "1655849903321",
					"position": "39375",
					"name": "Cost Price",
					"slug": "costPrice",
					"isRepeatableNumber": false,
					"numberType": "decimal",
					"required": false,
					"description": "",
					"minValue": "",
					"maxValue": "",
					"step": ""
				},
				"1655849970163": {
					"show_in_rest": true,
					"show_in_graphql": true,
					"type": "number",
					"id": "1655849970163",
					"position": "39687.5",
					"name": "Retail Price",
					"slug": "retailPrice",
					"required": false,
					"description": "",
					"minChars": "",
					"maxChars": "",
					"minRepeatable": "",
					"maxRepeatable": "",
					"isRepeatableNumber": false,
					"numberType": "decimal",
					"minValue": "",
					"maxValue": "",
					"step": ""
				},
				"1655849988964": {
					"show_in_rest": true,
					"show_in_graphql": true,
					"type": "number",
					"id": "1655849988964",
					"position": "39843.75",
					"name": "Sale Price",
					"slug": "salePrice",
					"required": false,
					"description": "",
					"minChars": "",
					"maxChars": "",
					"minRepeatable": "",
					"maxRepeatable": "",
					"isRepeatableNumber": false,
					"numberType": "decimal",
					"minValue": "",
					"maxValue": "",
					"step": ""
				},
				"1655850008636": {
					"show_in_rest": true,
					"show_in_graphql": true,
					"type": "number",
					"id": "1655850008636",
					"position": "39921.875",
					"name": "MAP Price",
					"slug": "mAPPrice",
					"required": false,
					"description": "",
					"minChars": "",
					"maxChars": "",
					"minRepeatable": "",
					"maxRepeatable": "",
					"isRepeatableNumber": false,
					"numberType": "decimal",
					"minValue": "",
					"maxValue": "",
					"step": ""
				},
				"1655850044317": {
					"show_in_rest": true,
					"show_in_graphql": true,
					"type": "number",
					"id": "1655850044317",
					"position": "39960.9375",
					"name": "Inventory Level",
					"slug": "inventoryLevel",
					"required": false,
					"description": "",
					"minChars": "",
					"maxChars": "",
					"minRepeatable": "",
					"maxRepeatable": "",
					"isRepeatableNumber": false,
					"numberType": "integer",
					"minValue": "",
					"maxValue": "",
					"step": ""
				},
				"1655850070717": {
					"show_in_rest": true,
					"show_in_graphql": true,
					"type": "number",
					"id": "1655850070717",
					"position": "39980.46875",
					"name": "Inventory Warning Level",
					"slug": "inventoryWarningLevel",
					"required": false,
					"description": "",
					"minChars": "",
					"maxChars": "",
					"minRepeatable": "",
					"maxRepeatable": "",
					"isRepeatableNumber": false,
					"numberType": "integer",
					"minValue": "",
					"maxValue": "",
					"step": ""
				},
				"1655850088394": {
					"show_in_rest": true,
					"show_in_graphql": true,
					"type": "boolean",
					"id": "1655850088394",
					"position": "39990.234375",
					"name": "Visible",
					"slug": "visible",
					"required": false,
					"description": "",
					"minChars": "",
					"maxChars": "",
					"minRepeatable": "",
					"maxRepeatable": ""
				},
				"1655850101484": {
					"show_in_rest": true,
					"show_in_graphql": true,
					"type": "boolean",
					"id": "1655850101484",
					"position": "39995.1171875",
					"name": "Featured",
					"slug": "featured",
					"required": false,
					"description": "",
					"minChars": "",
					"maxChars": "",
					"minRepeatable": "",
					"maxRepeatable": ""
				},
				"1655850129039": {
					"show_in_rest": true,
					"show_in_graphql": true,
					"type": "text",
					"id": "1655850129039",
					"position": "39997.55859375",
					"name": "RelatedProducts",
					"slug": "relatedProducts",
					"isRepeatable": false,
					"inputType": "single",
					"required": false,
					"description": "",
					"minChars": "",
					"maxChars": "",
					"minRepeatable": "",
					"maxRepeatable": ""
				},
				"1655850173991": {
					"show_in_rest": true,
					"show_in_graphql": true,
					"type": "text",
					"id": "1655850173991",
					"position": "39998.779296875",
					"name": "Search Keywords",
					"slug": "searchKeywords",
					"isRepeatable": false,
					"inputType": "single",
					"required": false,
					"description": "",
					"minChars": "",
					"maxChars": "",
					"minRepeatable": "",
					"maxRepeatable": ""
				},
				"1655850184144": {
					"show_in_rest": true,
					"show_in_graphql": true,
					"type": "text",
					"id": "1655850184144",
					"position": "39999.3896484375",
					"name": "Availability",
					"slug": "availability",
					"isRepeatable": false,
					"inputType": "single",
					"required": false,
					"description": "",
					"minChars": "",
					"maxChars": "",
					"minRepeatable": "",
					"maxRepeatable": ""
				},
				"1655850286667": {
					"show_in_rest": true,
					"show_in_graphql": true,
					"type": "number",
					"id": "1655850286667",
					"position": "39999.69482421875",
					"name": "Sort Order",
					"slug": "sortOrder",
					"required": false,
					"description": "",
					"minChars": "",
					"maxChars": "",
					"minRepeatable": "",
					"maxRepeatable": "",
					"isRepeatableNumber": false,
					"numberType": "integer",
					"minValue": "",
					"maxValue": "",
					"step": ""
				},
				"1655850296003": {
					"show_in_rest": true,
					"show_in_graphql": true,
					"type": "text",
					"id": "1655850296003",
					"position": "39999.847412109375",
					"name": "Product Page Title",
					"slug": "productPageTitle",
					"isRepeatable": false,
					"inputType": "single",
					"required": false,
					"description": "",
					"minChars": "",
					"maxChars": "",
					"minRepeatable": "",
					"maxRepeatable": ""
				},
				"1655850317779": {
					"show_in_rest": true,
					"show_in_graphql": true,
					"type": "text",
					"id": "1655850317779",
					"position": "39999.92370605469",
					"name": "Meta Keywords",
					"slug": "metaKeywords",
					"isRepeatable": false,
					"inputType": "single",
					"required": false,
					"description": "",
					"minChars": "",
					"maxChars": "",
					"minRepeatable": "",
					"maxRepeatable": ""
				},
				"1655850368093": {
					"show_in_rest": true,
					"show_in_graphql": true,
					"type": "text",
					"id": "1655850368093",
					"position": "39999.961853027344",
					"name": "Meta Description",
					"slug": "metaDescription",
					"isRepeatable": false,
					"inputType": "multi",
					"required": false,
					"description": "",
					"minChars": "",
					"maxChars": "",
					"minRepeatable": "",
					"maxRepeatable": ""
				},
				"1655850391293": {
					"show_in_rest": true,
					"show_in_graphql": true,
					"type": "number",
					"id": "1655850391293",
					"position": "39999.98092651367",
					"name": "Total Sold",
					"slug": "totalSold",
					"required": false,
					"description": "",
					"minChars": "",
					"maxChars": "",
					"minRepeatable": "",
					"maxRepeatable": "",
					"isRepeatableNumber": false,
					"numberType": "integer",
					"minValue": "",
					"maxValue": "",
					"step": ""
				},
				"1657920568744": {
					"show_in_rest": true,
					"show_in_graphql": true,
					"type": "text",
					"id": "1657920568744",
					"position": "39999.990463256836",
					"name": "Date Created",
					"slug": "dateCreated",
					"isRepeatable": false,
					"inputType": "single",
					"required": false,
					"description": "",
					"minChars": "",
					"maxChars": "",
					"minRepeatable": "",
					"maxRepeatable": ""
				},
				"1658442145565": {
					"show_in_rest": true,
					"show_in_graphql": true,
					"type": "text",
					"id": "1658442145565",
					"position": "39999.99523162842",
					"name": "Product Slug",
					"slug": "productSlug",
					"isRepeatable": false,
					"inputType": "single",
					"required": false,
					"description": "",
					"minChars": "",
					"maxChars": "",
					"minRepeatable": "",
					"maxRepeatable": ""
				},
				"1658760721509": {
					"show_in_rest": true,
					"show_in_graphql": true,
					"type": "text",
					"id": "1658760721509",
					"position": "39999.99761581421",
					"name": "ProductFormFieldsJson",
					"slug": "productFormFieldsJson",
					"isRepeatable": false,
					"inputType": "multi",
					"required": false,
					"description": "json to construct form fields related to product options and modifiers",
					"minChars": "",
					"maxChars": "",
					"minRepeatable": "",
					"maxRepeatable": ""
				},
				"1658760796581": {
					"show_in_rest": true,
					"show_in_graphql": true,
					"type": "text",
					"id": "1658760796581",
					"position": "39999.998807907104",
					"name": "VariantLookupJson",
					"slug": "variantLookupJson",
					"isRepeatable": false,
					"inputType": "single",
					"required": false,
					"description": "Json to allow lookup of variants by option value combos.",
					"minChars": "",
					"maxChars": "",
					"minRepeatable": "",
					"maxRepeatable": ""
				},
				"1658760849902": {
					"show_in_rest": true,
					"show_in_graphql": true,
					"type": "text",
					"id": "1658760849902",
					"position": "39999.99940395355",
					"name": "ModifierLookupJson",
					"slug": "modifierLookupJson",
					"isRepeatable": false,
					"inputType": "single",
					"required": false,
					"description": "Json for easy access to modifier data which updates FE display",
					"minChars": "",
					"maxChars": "",
					"minRepeatable": "",
					"maxRepeatable": ""
				},
				"1660675828533": {
					"show_in_rest": true,
					"show_in_graphql": true,
					"type": "number",
					"id": "1660675828533",
					"position": "39999.999701976776",
					"name": "Reviews Rating",
					"slug": "reviewsRating",
					"required": false,
					"description": "",
					"minChars": "",
					"maxChars": "",
					"minRepeatable": "",
					"maxRepeatable": "",
					"isRepeatableNumber": false,
					"numberType": "decimal",
					"minValue": "",
					"maxValue": "",
					"step": ""
				},
				"1660675840916": {
					"show_in_rest": true,
					"show_in_graphql": true,
					"type": "number",
					"id": "1660675840916",
					"position": "39999.99985098839",
					"name": "Reviews Count",
					"slug": "reviewsCount",
					"required": false,
					"description": "",
					"minChars": "",
					"maxChars": "",
					"minRepeatable": "",
					"maxRepeatable": "",
					"isRepeatableNumber": false,
					"numberType": "integer",
					"minValue": "",
					"maxValue": "",
					"step": ""
				},
				"1661291988240": {
					"show_in_rest": true,
					"show_in_graphql": true,
					"type": "number",
					"id": "1661291988240",
					"position": "39941.40625",
					"name": "Calculated Price",
					"slug": "calculatedPrice",
					"required": false,
					"description": "",
					"minChars": "",
					"maxChars": "",
					"minRepeatable": "",
					"maxRepeatable": "",
					"isRepeatableNumber": false,
					"numberType": "decimal",
					"minValue": "",
					"maxValue": "",
					"step": ""
				},
				"1661884423909": {
					"show_in_rest": true,
					"show_in_graphql": true,
					"type": "text",
					"id": "1661884423909",
					"position": "39999.999925494194",
					"name": "Inventory Tracking",
					"slug": "inventoryTracking",
					"isRepeatable": false,
					"inputType": "single",
					"required": false,
					"description": "",
					"minChars": "",
					"maxChars": "",
					"minRepeatable": "",
					"maxRepeatable": ""
				},
				"1665065634019": {
					"show_in_rest": true,
					"show_in_graphql": true,
					"type": "relationship",
					"id": "1665065634019",
					"position": "100000",
					"name": "Product Option Values",
					"slug": "productOptionValues",
					"required": false,
					"description": "",
					"minChars": "",
					"maxChars": "",
					"minRepeatable": "",
					"maxRepeatable": "",
					"reference": "productoptionvalue",
					"cardinality": "many-to-many",
					"enableReverse": true,
					"reverseName": "Products",
					"reverseSlug": "products"
				}
			}
		},
		"variant": {
			"show_in_rest": true,
			"show_in_graphql": true,
			"singular": "Variant",
			"plural": "Variants",
			"slug": "variant",
			"api_visibility": "public",
			"model_icon": "dashicons-image-filter",
			"description": "",
			"fields": {
				"1652303779275": {
					"show_in_rest": true,
					"show_in_graphql": true,
					"type": "text",
					"id": "1652303779275",
					"position": "30000",
					"name": "Image Url",
					"slug": "imageUrl",
					"isRepeatable": false,
					"inputType": "single",
					"required": false,
					"description": "",
					"minChars": "",
					"maxChars": "",
					"minRepeatable": "",
					"maxRepeatable": ""
				},
				"1652303799872": {
					"show_in_rest": true,
					"show_in_graphql": true,
					"type": "text",
					"id": "1652303799872",
					"position": "50000",
					"name": "Json",
					"slug": "json",
					"isRepeatable": false,
					"inputType": "single",
					"required": false,
					"description": "",
					"minChars": "",
					"maxChars": "",
					"minRepeatable": "",
					"maxRepeatable": ""
				},
				"1652365750779": {
					"show_in_rest": true,
					"show_in_graphql": true,
					"type": "number",
					"id": "1652365750779",
					"position": "27500",
					"name": "Price",
					"slug": "price",
					"required": false,
					"description": "",
					"minChars": "",
					"maxChars": "",
					"minRepeatable": "",
					"maxRepeatable": "",
					"isRepeatableNumber": false,
					"numberType": "decimal",
					"minValue": "",
					"maxValue": "",
					"step": ""
				},
				"1654171837307": {
					"show_in_rest": true,
					"show_in_graphql": true,
					"type": "number",
					"id": "1654171837307",
					"position": "28750",
					"name": "Inventory Level",
					"slug": "inventoryLevel",
					"required": false,
					"description": "",
					"minChars": "",
					"maxChars": "",
					"minRepeatable": "",
					"maxRepeatable": "",
					"isRepeatableNumber": false,
					"numberType": "integer",
					"minValue": "",
					"maxValue": "",
					"step": ""
				},
				"1657810262197": {
					"show_in_rest": true,
					"show_in_graphql": true,
					"type": "boolean",
					"id": "1657810262197",
					"position": "40000",
					"name": "Purchasing Disabled",
					"slug": "purchasingDisabled",
					"required": false,
					"description": "",
					"minChars": "",
					"maxChars": "",
					"minRepeatable": "",
					"maxRepeatable": ""
				},
				"1657810343756": {
					"show_in_rest": true,
					"show_in_graphql": true,
					"type": "number",
					"id": "1657810343756",
					"position": "28125",
					"name": "Cost  Price",
					"slug": "costPrice",
					"required": false,
					"description": "",
					"minChars": "",
					"maxChars": "",
					"minRepeatable": "",
					"maxRepeatable": "",
					"isRepeatableNumber": false,
					"numberType": "decimal",
					"minValue": "",
					"maxValue": "",
					"step": ""
				},
				"1657810375183": {
					"show_in_rest": true,
					"show_in_graphql": true,
					"type": "text",
					"id": "1657810375183",
					"position": "5000",
					"name": "Variant Display Name",
					"slug": "variantDisplayName",
					"isRepeatable": false,
					"isTitle": true,
					"inputType": "single",
					"required": false,
					"description": "",
					"minChars": "",
					"maxChars": "",
					"minRepeatable": "",
					"maxRepeatable": ""
				},
				"1657837561512": {
					"show_in_rest": true,
					"show_in_graphql": true,
					"type": "text",
					"id": "1657837561512",
					"position": "16250",
					"name": "Sku",
					"slug": "sku",
					"isRepeatable": false,
					"inputType": "single",
					"required": false,
					"description": "",
					"minChars": "",
					"maxChars": "",
					"minRepeatable": "",
					"maxRepeatable": ""
				},
				"1661440300025": {
					"show_in_rest": true,
					"show_in_graphql": true,
					"type": "number",
					"id": "1661440300025",
					"position": "2500",
					"name": "bigCommerceVariantID",
					"slug": "bigCommerceVariantID",
					"isRepeatableNumber": false,
					"numberType": "integer",
					"required": true,
					"description": "",
					"minValue": "",
					"maxValue": "",
					"step": ""
				},
				"1661884559976": {
					"show_in_rest": true,
					"show_in_graphql": true,
					"type": "number",
					"id": "1661884559976",
					"position": "28437.5",
					"name": "Calculated Price",
					"slug": "calculatedPrice",
					"required": false,
					"description": "",
					"minChars": "",
					"maxChars": "",
					"minRepeatable": "",
					"maxRepeatable": "",
					"isRepeatableNumber": false,
					"numberType": "decimal",
					"minValue": "",
					"maxValue": "",
					"step": ""
				},
				"1661884609320": {
					"show_in_rest": true,
					"show_in_graphql": true,
					"type": "number",
					"id": "1661884609320",
					"position": "28593.75",
					"name": "Sale Price",
					"slug": "salePrice",
					"required": false,
					"description": "",
					"minChars": "",
					"maxChars": "",
					"minRepeatable": "",
					"maxRepeatable": "",
					"isRepeatableNumber": false,
					"numberType": "decimal",
					"minValue": "",
					"maxValue": "",
					"step": ""
				}
			}
		},
		"modifier": {
			"show_in_rest": true,
			"show_in_graphql": true,
			"singular": "Modifier",
			"plural": "Modifiers",
			"slug": "modifier",
			"api_visibility": "public",
			"model_icon": "dashicons-screenoptions",
			"description": "",
			"fields": {
				"1652353780436": {
					"show_in_rest": true,
					"show_in_graphql": true,
					"type": "number",
					"id": "1652353780436",
					"position": "0",
					"name": "Modifier ID",
					"slug": "modifierID",
					"isRepeatableNumber": false,
					"numberType": "integer",
					"required": true,
					"description": "",
					"minValue": "",
					"maxValue": "",
					"step": ""
				},
				"1652353865933": {
					"show_in_rest": true,
					"show_in_graphql": true,
					"type": "text",
					"id": "1652353865933",
					"position": "50000",
					"name": "Json",
					"slug": "json",
					"isRepeatable": false,
					"inputType": "single",
					"required": false,
					"description": "",
					"minChars": "",
					"maxChars": "",
					"minRepeatable": "",
					"maxRepeatable": ""
				},
				"1652386788182": {
					"show_in_rest": true,
					"show_in_graphql": true,
					"type": "text",
					"id": "1652386788182",
					"position": "35000",
					"name": "Type",
					"slug": "type",
					"isRepeatable": false,
					"inputType": "single",
					"required": false,
					"description": "",
					"minChars": "",
					"maxChars": "",
					"minRepeatable": "",
					"maxRepeatable": ""
				},
				"1652386857117": {
					"show_in_rest": true,
					"show_in_graphql": true,
					"type": "text",
					"id": "1652386857117",
					"position": "27500",
					"name": "Display Name",
					"slug": "displayName",
					"isRepeatable": false,
					"isTitle": true,
					"inputType": "single",
					"required": false,
					"description": "",
					"minChars": "",
					"maxChars": "",
					"minRepeatable": "",
					"maxRepeatable": ""
				},
				"1657811411086": {
					"show_in_rest": true,
					"show_in_graphql": true,
					"type": "boolean",
					"id": "1657811411086",
					"position": "38750",
					"name": "Required",
					"slug": "required",
					"required": true,
					"description": "Whether modifier is required at checkout",
					"minChars": "",
					"maxChars": "",
					"minRepeatable": "",
					"maxRepeatable": ""
				},
				"1657811518834": {
					"show_in_rest": true,
					"show_in_graphql": true,
					"type": "text",
					"id": "1657811518834",
					"position": "46250",
					"name": "Config",
					"slug": "config",
					"isRepeatable": false,
					"inputType": "multi",
					"required": false,
					"description": "Values for configuring option such as default value, accepted file types, etc.",
					"minChars": "",
					"maxChars": "",
					"minRepeatable": "",
					"maxRepeatable": ""
				},
				"1657811947711": {
					"show_in_rest": true,
					"show_in_graphql": true,
					"type": "text",
					"id": "1657811947711",
					"position": "31250",
					"name": "Name",
					"slug": "name",
					"isRepeatable": false,
					"inputType": "single",
					"required": false,
					"description": "The unique option name. Auto-generated by BC from the display name, a timestamp, and the associated product ID.",
					"minChars": "",
					"maxChars": "",
					"minRepeatable": "",
					"maxRepeatable": ""
				},
				"1657842511346": {
					"show_in_rest": true,
					"show_in_graphql": true,
					"type": "number",
					"id": "1657842511346",
					"position": "36875",
					"name": "Sort Order",
					"slug": "sortOrder",
					"required": false,
					"description": "",
					"minChars": "",
					"maxChars": "",
					"minRepeatable": "",
					"maxRepeatable": "",
					"isRepeatableNumber": false,
					"numberType": "integer",
					"minValue": "",
					"maxValue": "",
					"step": ""
				}
			},
			"with_front": "1"
		},
		"image": {
			"show_in_rest": true,
			"show_in_graphql": true,
			"singular": "Image",
			"plural": "Images",
			"slug": "image",
			"api_visibility": "public",
			"model_icon": "dashicons-format-gallery",
			"description": "",
			"fields": {
				"1654283294256": {
					"show_in_rest": true,
					"show_in_graphql": true,
					"type": "number",
					"id": "1654283294256",
					"position": "0",
					"name": "Image ID",
					"slug": "imageID",
					"isRepeatableNumber": false,
					"numberType": "integer",
					"required": false,
					"description": "",
					"minValue": "",
					"maxValue": "",
					"step": ""
				},
				"1654283326136": {
					"show_in_rest": true,
					"show_in_graphql": true,
					"type": "number",
					"id": "1654283326136",
					"position": "10000",
					"name": "Product ID",
					"slug": "productID",
					"required": false,
					"description": "",
					"minChars": "",
					"maxChars": "",
					"minRepeatable": "",
					"maxRepeatable": "",
					"isRepeatableNumber": false,
					"numberType": "integer",
					"minValue": "",
					"maxValue": "",
					"step": ""
				},
				"1654283355854": {
					"show_in_rest": true,
					"show_in_graphql": true,
					"type": "boolean",
					"id": "1654283355854",
					"position": "20000",
					"name": "Is Thumbnail",
					"slug": "isThumbnail",
					"required": false,
					"description": "",
					"minChars": "",
					"maxChars": "",
					"minRepeatable": "",
					"maxRepeatable": ""
				},
				"1654283412803": {
					"show_in_rest": true,
					"show_in_graphql": true,
					"type": "text",
					"id": "1654283412803",
					"position": "30000",
					"name": "Description",
					"slug": "description",
					"isRepeatable": false,
					"isTitle": false,
					"inputType": "multi",
					"required": false,
					"description": "",
					"minChars": "",
					"maxChars": "",
					"minRepeatable": "",
					"maxRepeatable": ""
				},
				"1654283447765": {
					"show_in_rest": true,
					"show_in_graphql": true,
					"type": "text",
					"id": "1654283447765",
					"position": "40000",
					"name": "Url Zoom",
					"slug": "urlZoom",
					"isRepeatable": false,
					"isTitle": false,
					"inputType": "single",
					"required": false,
					"description": "",
					"minChars": "",
					"maxChars": "",
					"minRepeatable": "",
					"maxRepeatable": ""
				},
				"1654283464156": {
					"show_in_rest": true,
					"show_in_graphql": true,
					"type": "text",
					"id": "1654283464156",
					"position": "50000",
					"name": "Url Standard",
					"slug": "urlStandard",
					"isRepeatable": false,
					"isTitle": false,
					"inputType": "single",
					"required": false,
					"description": "",
					"minChars": "",
					"maxChars": "",
					"minRepeatable": "",
					"maxRepeatable": ""
				},
				"1654283479582": {
					"show_in_rest": true,
					"show_in_graphql": true,
					"type": "text",
					"id": "1654283479582",
					"position": "60000",
					"name": "Url Thumbnail",
					"slug": "urlThumbnail",
					"isRepeatable": false,
					"isTitle": false,
					"inputType": "single",
					"required": false,
					"description": "",
					"minChars": "",
					"maxChars": "",
					"minRepeatable": "",
					"maxRepeatable": ""
				},
				"1654283498492": {
					"show_in_rest": true,
					"show_in_graphql": true,
					"type": "text",
					"id": "1654283498492",
					"position": "70000",
					"name": "Url Tiny",
					"slug": "urlTiny",
					"isRepeatable": false,
					"isTitle": false,
					"inputType": "single",
					"required": false,
					"description": "",
					"minChars": "",
					"maxChars": "",
					"minRepeatable": "",
					"maxRepeatable": ""
				},
				"1654284392878": {
					"show_in_rest": true,
					"show_in_graphql": true,
					"type": "number",
					"id": "1654284392878",
					"position": "25000",
					"name": "Sort Order",
					"slug": "sortOrder",
					"required": false,
					"description": "",
					"minChars": "",
					"maxChars": "",
					"minRepeatable": "",
					"maxRepeatable": "",
					"isRepeatableNumber": false,
					"numberType": "integer",
					"minValue": "",
					"maxValue": "",
					"step": ""
				}
			},
			"with_front": "1"
		},
		"brand": {
			"show_in_rest": true,
			"show_in_graphql": true,
			"singular": "Brand",
			"plural": "Brands",
			"slug": "brand",
			"api_visibility": "public",
			"model_icon": "dashicons-admin-post",
			"description": "",
			"fields": {
				"1655838790184": {
					"show_in_rest": true,
					"show_in_graphql": true,
					"type": "text",
					"id": "1655838790184",
					"position": "0",
					"name": "Name",
					"slug": "name",
					"isRepeatable": false,
					"isTitle": true,
					"inputType": "single",
					"required": true,
					"description": "",
					"minChars": "",
					"maxChars": "",
					"minRepeatable": "",
					"maxRepeatable": ""
				},
				"1655838815070": {
					"show_in_rest": true,
					"show_in_graphql": true,
					"type": "number",
					"id": "1655838815070",
					"position": "10000",
					"name": "Brand ID",
					"slug": "brandID",
					"required": true,
					"description": "",
					"minChars": "",
					"maxChars": "",
					"minRepeatable": "",
					"maxRepeatable": "",
					"isRepeatableNumber": false,
					"numberType": "integer",
					"minValue": "",
					"maxValue": "",
					"step": ""
				},
				"1655838836414": {
					"show_in_rest": true,
					"show_in_graphql": true,
					"type": "text",
					"id": "1655838836414",
					"position": "20000",
					"name": "Image Url",
					"slug": "imageUrl",
					"isRepeatable": false,
					"inputType": "single",
					"required": false,
					"description": "",
					"minChars": "",
					"maxChars": "",
					"minRepeatable": "",
					"maxRepeatable": ""
				},
				"1655838917361": {
					"show_in_rest": true,
					"show_in_graphql": true,
					"type": "text",
					"id": "1655838917361",
					"position": "30000",
					"name": "Json",
					"slug": "json",
					"isRepeatable": false,
					"inputType": "single",
					"required": false,
					"description": "",
					"minChars": "",
					"maxChars": "",
					"minRepeatable": "",
					"maxRepeatable": ""
				},
				"1655907123380": {
					"show_in_rest": true,
					"show_in_graphql": true,
					"type": "text",
					"id": "1655907123380",
					"position": "27500",
					"name": "Search Keywords",
					"slug": "searchKeywords",
					"isRepeatable": false,
					"inputType": "single",
					"required": false,
					"description": "",
					"minChars": "",
					"maxChars": "",
					"minRepeatable": "",
					"maxRepeatable": ""
				},
				"1655907133916": {
					"show_in_rest": true,
					"show_in_graphql": true,
					"type": "text",
					"id": "1655907133916",
					"position": "28750",
					"name": "Meta Keywords",
					"slug": "metaKeywords",
					"isRepeatable": false,
					"inputType": "single",
					"required": false,
					"description": "",
					"minChars": "",
					"maxChars": "",
					"minRepeatable": "",
					"maxRepeatable": ""
				},
				"1655907143923": {
					"show_in_rest": true,
					"show_in_graphql": true,
					"type": "text",
					"id": "1655907143923",
					"position": "29375",
					"name": "Meta Description",
					"slug": "metaDescription",
					"isRepeatable": false,
					"inputType": "multi",
					"required": false,
					"description": "",
					"minChars": "",
					"maxChars": "",
					"minRepeatable": "",
					"maxRepeatable": ""
				},
				"1655907232403": {
					"show_in_rest": true,
					"show_in_graphql": true,
					"type": "text",
					"id": "1655907232403",
					"position": "23750",
					"name": "Brand Page Title",
					"slug": "brandPageTitle",
					"isRepeatable": false,
					"inputType": "single",
					"required": false,
					"description": "",
					"minChars": "",
					"maxChars": "",
					"minRepeatable": "",
					"maxRepeatable": ""
				}
			},
			"with_front": "1"
		},
		"productcategory": {
			"show_in_rest": true,
			"show_in_graphql": true,
			"singular": "Product Category",
			"plural": "Product Categories",
			"slug": "productcategory",
			"api_visibility": "public",
			"model_icon": "dashicons-menu",
			"description": "",
			"fields": {
				"1655842189879": {
					"show_in_rest": true,
					"show_in_graphql": true,
					"type": "text",
					"id": "1655842189879",
					"position": "0",
					"name": "Name",
					"slug": "name",
					"isRepeatable": false,
					"isTitle": true,
					"inputType": "single",
					"required": true,
					"description": "",
					"minChars": "",
					"maxChars": "",
					"minRepeatable": "",
					"maxRepeatable": ""
				},
				"1655847567186": {
					"show_in_rest": true,
					"show_in_graphql": true,
					"type": "number",
					"id": "1655847567186",
					"position": "10000",
					"name": "Category ID",
					"slug": "categoryID",
					"required": true,
					"description": "",
					"minChars": "",
					"maxChars": "",
					"minRepeatable": "",
					"maxRepeatable": "",
					"isRepeatableNumber": false,
					"numberType": "integer",
					"minValue": "",
					"maxValue": "",
					"step": ""
				},
				"1655847607282": {
					"show_in_rest": true,
					"show_in_graphql": true,
					"type": "number",
					"id": "1655847607282",
					"position": "20000",
					"name": "Category Parent ID",
					"slug": "categoryParentID",
					"isRepeatableNumber": false,
					"numberType": "integer",
					"required": false,
					"description": "",
					"minValue": "",
					"maxValue": "",
					"step": ""
				},
				"1655847822293": {
					"show_in_rest": true,
					"show_in_graphql": true,
					"type": "number",
					"id": "1655847822293",
					"position": "30000",
					"name": "Sort Order",
					"slug": "sortOrder",
					"required": false,
					"description": "",
					"minChars": "",
					"maxChars": "",
					"minRepeatable": "",
					"maxRepeatable": "",
					"isRepeatableNumber": false,
					"numberType": "integer",
					"minValue": "",
					"maxValue": "",
					"step": ""
				},
				"1655848565506": {
					"show_in_rest": true,
					"show_in_graphql": true,
					"type": "text",
					"id": "1655848565506",
					"position": "40000",
					"name": "Category Page Title",
					"slug": "categoryPageTitle",
					"isRepeatable": false,
					"inputType": "single",
					"required": false,
					"description": "",
					"minChars": "",
					"maxChars": "",
					"minRepeatable": "",
					"maxRepeatable": ""
				},
				"1655848584202": {
					"show_in_rest": true,
					"show_in_graphql": true,
					"type": "text",
					"id": "1655848584202",
					"position": "50000",
					"name": "Search Keywords",
					"slug": "searchKeywords",
					"isRepeatable": false,
					"inputType": "single",
					"required": false,
					"description": "",
					"minChars": "",
					"maxChars": "",
					"minRepeatable": "",
					"maxRepeatable": ""
				},
				"1655848597706": {
					"show_in_rest": true,
					"show_in_graphql": true,
					"type": "text",
					"id": "1655848597706",
					"position": "60000",
					"name": "Meta Keywords",
					"slug": "metaKeywords",
					"isRepeatable": false,
					"inputType": "single",
					"required": false,
					"description": "",
					"minChars": "",
					"maxChars": "",
					"minRepeatable": "",
					"maxRepeatable": ""
				},
				"1655848613580": {
					"show_in_rest": true,
					"show_in_graphql": true,
					"type": "text",
					"id": "1655848613580",
					"position": "70000",
					"name": "Meta Description",
					"slug": "metaDescription",
					"isRepeatable": false,
					"inputType": "multi",
					"required": false,
					"description": "",
					"minChars": "",
					"maxChars": "",
					"minRepeatable": "",
					"maxRepeatable": ""
				},
				"1655848638685": {
					"show_in_rest": true,
					"show_in_graphql": true,
					"type": "boolean",
					"id": "1655848638685",
					"position": "80000",
					"name": "Visible",
					"slug": "visible",
					"required": false,
					"description": "",
					"minChars": "",
					"maxChars": "",
					"minRepeatable": "",
					"maxRepeatable": ""
				},
				"1655848652348": {
					"show_in_rest": true,
					"show_in_graphql": true,
					"type": "text",
					"id": "1655848652348",
					"position": "90000",
					"name": "Product Sort",
					"slug": "productSort",
					"isRepeatable": false,
					"inputType": "single",
					"required": false,
					"description": "",
					"minChars": "",
					"maxChars": "",
					"minRepeatable": "",
					"maxRepeatable": ""
				},
				"1655848672253": {
					"show_in_rest": true,
					"show_in_graphql": true,
					"type": "text",
					"id": "1655848672253",
					"position": "100000",
					"name": "Image Url",
					"slug": "imageUrl",
					"isRepeatable": false,
					"inputType": "single",
					"required": false,
					"description": "",
					"minChars": "",
					"maxChars": "",
					"minRepeatable": "",
					"maxRepeatable": ""
				},
				"1655940679649": {
					"show_in_rest": true,
					"show_in_graphql": true,
					"type": "text",
					"id": "1655940679649",
					"position": "110000",
					"name": "Json",
					"slug": "json",
					"isRepeatable": false,
					"inputType": "single",
					"required": false,
					"description": "",
					"minChars": "",
					"maxChars": "",
					"minRepeatable": "",
					"maxRepeatable": ""
				},
				"1660676047400": {
					"show_in_rest": true,
					"show_in_graphql": true,
					"type": "richtext",
					"id": "1660676047400",
					"position": "45000",
					"name": "Description",
					"slug": "description",
					"description": "",
					"minChars": "",
					"maxChars": "",
					"minRepeatable": "",
					"maxRepeatable": "",
					"isRepeatableRichText": false
				},
				"1660676183877": {
					"show_in_rest": true,
					"show_in_graphql": true,
					"type": "text",
					"id": "1660676183877",
					"position": "105000",
					"name": "Category Slug",
					"slug": "categorySlug",
					"isRepeatable": false,
					"inputType": "single",
					"required": false,
					"description": "",
					"minChars": "",
					"maxChars": "",
					"minRepeatable": "",
					"maxRepeatable": ""
				}
			},
			"with_front": "1"
		},
		"storesetting": {
			"show_in_rest": true,
			"show_in_graphql": true,
			"singular": "StoreSetting",
			"plural": "StoreSettings",
			"slug": "storesetting",
			"api_visibility": "public",
			"model_icon": "dashicons-admin-home",
			"description": "Store information ",
			"fields": {
				"1658757194257": {
					"show_in_rest": true,
					"show_in_graphql": true,
					"type": "text",
					"id": "1658757194257",
					"position": 10000,
					"name": "Store Name",
					"slug": "storeName",
					"isRepeatable": false,
					"isTitle": true,
					"inputType": "single",
					"required": false,
					"description": "",
					"minChars": "",
					"maxChars": "",
					"minRepeatable": "",
					"maxRepeatable": ""
				},
				"1658757214663": {
					"show_in_rest": true,
					"show_in_graphql": true,
					"type": "text",
					"id": "1658757214663",
					"position": 20000,
					"name": "Store Address",
					"slug": "storeAddress",
					"isRepeatable": false,
					"inputType": "multi",
					"required": false,
					"description": "",
					"minChars": "",
					"maxChars": "",
					"minRepeatable": "",
					"maxRepeatable": ""
				},
				"1658757253242": {
					"show_in_rest": true,
					"show_in_graphql": true,
					"type": "text",
					"id": "1658757253242",
					"position": 30000,
					"name": "Store Phone",
					"slug": "storePhone",
					"isRepeatable": false,
					"inputType": "single",
					"required": false,
					"description": "",
					"minChars": "",
					"maxChars": "",
					"minRepeatable": "",
					"maxRepeatable": ""
				},
				"1658757792982": {
					"show_in_rest": true,
					"show_in_graphql": true,
					"type": "text",
					"id": "1658757792982",
					"position": 40000,
					"name": "Store Timezone",
					"slug": "storeTimezone",
					"isRepeatable": false,
					"inputType": "single",
					"required": false,
					"description": "",
					"minChars": "",
					"maxChars": "",
					"minRepeatable": "",
					"maxRepeatable": ""
				},
				"1658757810782": {
					"show_in_rest": true,
					"show_in_graphql": true,
					"type": "text",
					"id": "1658757810782",
					"position": 50000,
					"name": "Store Logo",
					"slug": "storeLogo",
					"isRepeatable": false,
					"inputType": "single",
					"required": false,
					"description": "",
					"minChars": "",
					"maxChars": "",
					"minRepeatable": "",
					"maxRepeatable": ""
				},
				"1658757834775": {
					"show_in_rest": true,
					"show_in_graphql": true,
					"type": "text",
					"id": "1658757834775",
					"position": 60000,
					"name": "Store Domain",
					"slug": "storeDomain",
					"isRepeatable": false,
					"inputType": "single",
					"required": false,
					"description": "",
					"minChars": "",
					"maxChars": "",
					"minRepeatable": "",
					"maxRepeatable": ""
				},
				"1658759594769": {
					"show_in_rest": true,
					"show_in_graphql": true,
					"type": "text",
					"id": "1658759594769",
					"position": 0,
					"name": "Store ID",
					"slug": "storeID",
					"isRepeatable": false,
					"inputType": "single",
					"required": false,
					"description": "",
					"minChars": "",
					"maxChars": "",
					"minRepeatable": "",
					"maxRepeatable": ""
				},
				"1659729399954": {
					"show_in_rest": true,
					"show_in_graphql": true,
					"type": "text",
					"id": "1659729399954",
					"position": "70000",
					"name": "Store Primary Color",
					"slug": "storePrimaryColor",
					"isRepeatable": false,
					"inputType": "single",
					"required": false,
					"description": "",
					"minChars": "",
					"maxChars": "",
					"minRepeatable": "",
					"maxRepeatable": ""
				},
				"1659729414582": {
					"show_in_rest": true,
					"show_in_graphql": true,
					"type": "text",
					"id": "1659729414582",
					"position": "80000",
					"name": "Store Secondary Color",
					"slug": "storeSecondaryColor",
					"isRepeatable": false,
					"inputType": "single",
					"required": false,
					"description": "",
					"minChars": "",
					"maxChars": "",
					"minRepeatable": "",
					"maxRepeatable": ""
				},
				"1660128318853": {
					"show_in_rest": true,
					"show_in_graphql": true,
					"type": "text",
					"id": "1660128318853",
					"position": "90000",
					"name": "Notification Banner",
					"slug": "notificationBanner",
					"isRepeatable": false,
					"inputType": "multi",
					"required": false,
					"description": "",
					"minChars": "",
					"maxChars": "",
					"minRepeatable": "",
					"maxRepeatable": ""
				}
			},
			"with_front": "1"
		},
		"banner": {
			"show_in_rest": true,
			"show_in_graphql": true,
			"singular": "Banner",
			"plural": "Banners",
			"slug": "banner",
			"api_visibility": "public",
			"model_icon": "dashicons-megaphone",
			"description": "These notification banners will be displayed on your headless site.",
			"fields": {
				"1660218754657": {
					"show_in_rest": true,
					"show_in_graphql": true,
					"type": "text",
					"id": "1660218754657",
					"position": "0",
					"name": "Name",
					"slug": "name",
					"isRepeatable": false,
					"isTitle": true,
					"inputType": "single",
					"required": false,
					"description": "",
					"minChars": "",
					"maxChars": "",
					"minRepeatable": "",
					"maxRepeatable": ""
				},
				"1660218764844": {
					"show_in_rest": true,
					"show_in_graphql": true,
					"type": "richtext",
					"id": "1660218764844",
					"position": "10000",
					"name": "Content",
					"slug": "content",
					"description": "",
					"minChars": "",
					"maxChars": "",
					"minRepeatable": "",
					"maxRepeatable": "",
					"isRepeatableRichText": false
				},
				"1660218773724": {
					"show_in_rest": true,
					"show_in_graphql": true,
					"type": "text",
					"id": "1660218773724",
					"position": "20000",
					"name": "Background Color",
					"slug": "backgroundColor",
					"isRepeatable": false,
					"inputType": "single",
					"required": false,
					"description": "",
					"minChars": "",
					"maxChars": "",
					"minRepeatable": "",
					"maxRepeatable": ""
				},
				"1660218786174": {
					"show_in_rest": true,
					"show_in_graphql": true,
					"type": "text",
					"id": "1660218786174",
					"position": "30000",
					"name": "Font Color",
					"slug": "fontColor",
					"isRepeatable": false,
					"inputType": "single",
					"required": false,
					"description": "",
					"minChars": "",
					"maxChars": "",
					"minRepeatable": "",
					"maxRepeatable": ""
				}
			}
		},
		"productoptionvalue": {
			"show_in_rest": true,
			"show_in_graphql": true,
			"singular": "Product Option Value",
			"plural": "Product Option Values",
			"slug": "productoptionvalue",
			"api_visibility": "public",
			"model_icon": "dashicons-admin-post",
			"description": "",
			"fields": {
				"1665065409253": {
					"show_in_rest": true,
					"show_in_graphql": true,
					"type": "number",
					"id": "1665065409253",
					"position": "0",
					"name": "Option Value ID",
					"slug": "optionValueID",
					"isRepeatableNumber": false,
					"numberType": "integer",
					"required": true,
					"description": "",
					"minValue": "",
					"maxValue": "",
					"step": ""
				},
				"1665065434249": {
					"show_in_rest": true,
					"show_in_graphql": true,
					"type": "text",
					"id": "1665065434249",
					"position": "10000",
					"name": "Option Value Name",
					"slug": "optionValueName",
					"isRepeatable": false,
					"isTitle": false,
					"inputType": "single",
					"required": false,
					"description": "",
					"minChars": "",
					"maxChars": "",
					"minRepeatable": "",
					"maxRepeatable": ""
				},
				"1665065507498": {
					"show_in_rest": true,
					"show_in_graphql": true,
					"type": "number",
					"id": "1665065507498",
					"position": "20000",
					"name": "Parent Option ID",
					"slug": "parentOptionID",
					"required": false,
					"description": "",
					"minChars": "",
					"maxChars": "",
					"minRepeatable": "",
					"maxRepeatable": "",
					"isRepeatableNumber": false,
					"numberType": "integer",
					"minValue": "",
					"maxValue": "",
					"step": ""
				},
				"1665065550474": {
					"show_in_rest": true,
					"show_in_graphql": true,
					"type": "text",
					"id": "1665065550474",
					"position": "30000",
					"name": "Parent Option Display Name",
					"slug": "parentOptionDisplayName",
					"isRepeatable": false,
					"isTitle": false,
					"inputType": "single",
					"required": false,
					"description": "",
					"minChars": "",
					"maxChars": "",
					"minRepeatable": "",
					"maxRepeatable": ""
				},
				"1665065600370": {
					"show_in_rest": true,
					"show_in_graphql": true,
					"type": "text",
					"id": "1665065600370",
					"position": "40000",
					"name": "json",
					"slug": "json",
					"isRepeatable": false,
					"isTitle": false,
					"inputType": "single",
					"required": false,
					"description": "",
					"minChars": "",
					"maxChars": "",
					"minRepeatable": "",
					"maxRepeatable": ""
				}
			}
		}
	},
	"taxonomies": [],
	"posts": {
		"11": {
			"ID": 11,
			"post_author": "1",
			"post_date": "2022-08-30 12:14:58",
			"post_date_gmt": "2022-08-30 12:14:58",
			"post_content": "<!-- wp:tecom-blocks\/hero {\"mediaID\":14,\"mediaURL\":\"http:\/\/titan-blueprint.local\/wp-content\/uploads\/2022\/08\/tshirt-header.jpeg\"} -->\n<div class=\"wp-block-tecom-blocks-hero backgroundColor wp-block-genesis-blocks-gb-columns eso-spend-section-shop-header gb-layout-columns-2 gb-2-col-wideleft gb-has-background-dim gb-has-background-dim-30 gb-background-cover gb-background-no-repeat gb-has-custom-background-color gb-columns-center alignfull has-107-f-67-background-color has-background\" style=\"padding-top:8%;padding-right:0;padding-bottom:8%;padding-left:0;background-color:#107f67;background-size:cover;background-image:url(http:\/\/titan-blueprint.local\/wp-content\/uploads\/2022\/08\/tshirt-header.jpeg)\" data-image-url=\"http:\/\/titan-blueprint.local\/wp-content\/uploads\/2022\/08\/tshirt-header.jpeg\" data-background-color=\"#107f67\"><div class=\"container\"><div class=\"gb-layout-column-wrap gb-block-layout-column-gap-2 gb-is-responsive-column\" style=\"max-width:1200px;width:66%\"><div class=\"wp-block-genesis-blocks-gb-column gb-block-layout-column\"><div class=\"card gb-block-layout-column-inner has-eso-white-background-color\" style=\"padding:2em;background-color:#ffffff\"><span class=\"innerCardColor\" data-innercard-color=\"#ffffff\"><\/span><!-- wp:heading {\"placeholder\":\"Write your heading here...\"} -->\n<h2>Shop smart, save cash.<\/h2>\n<!-- \/wp:heading -->\n\n<!-- wp:paragraph {\"placeholder\":\"Add your copy here...\"} -->\n<p>For a limited time, our winter stock collection is 25% off for all customers. As a bonus, get free shipping on orders over $99!<\/p>\n<!-- \/wp:paragraph -->\n\n<!-- wp:button {\"placeholder\":\"Enter button text...\"} -->\n<div class=\"wp-block-button\"><a class=\"wp-block-button__link\" href=\"\/shop\">Shop the sale \u2192<\/a><\/div>\n<!-- \/wp:button --><\/div><\/div><\/div><\/div><\/div>\n<!-- \/wp:tecom-blocks\/hero -->\n\n<!-- wp:tecom-blocks\/products \/-->\n\n<!-- wp:tecom-blocks\/promo -->\n<div class=\"wp-block-tecom-blocks-promo backgroundColor wp-block-genesis-blocks-gb-columns eso-spend-section-shop-header gb-layout-columns-1 gb-1-col-wideleft gb-has-background-dim gb-has-background-dim-30 gb-background-cover gb-background-no-repeat gb-has-custom-background-color gb-columns-center alignfull has-107-f-67-background-color has-background\" style=\"padding-top:8%;padding-right:3%;padding-bottom:8%;padding-left:3%;background-color:#107f67;background-size:cover;background-image:url(undefined)\" data-background-color=\"#107f67\"><div class=\"gb-layout-column-wrap gb-block-layout-column-gap-1 gb-is-responsive-column\" style=\"max-width:2000px\"><div class=\"wp-block-genesis-blocks-gb-column gb-block-layout-column\"><!-- wp:heading {\"textAlign\":\"center\",\"placeholder\":\"Write your heading here...\"} -->\n<h2 class=\"has-text-align-center\">Preview Black Friday Deals<\/h2>\n<!-- \/wp:heading -->\n\n<!-- wp:paragraph {\"align\":\"center\",\"placeholder\":\"Add your copy here...\"} -->\n<p class=\"has-text-align-center\">Black Friday is almost here! Check out our exclusive releases this year and get ready for some hot deals!<\/p>\n<!-- \/wp:paragraph -->\n\n<!-- wp:button {\"placeholder\":\"Enter button text...\",\"align\":\"center\"} -->\n<div class=\"wp-block-button aligncenter\"><a class=\"wp-block-button__link\" href=\"\/shop\">Preview Black Friday Deals<\/a><\/div>\n<!-- \/wp:button --><\/div><div class=\"wp-block-genesis-blocks-gb-column gb-block-layout-column gb-is-vertically-aligned-center\"><div class=\"gb-block-layout-column-inner\"><p><\/p><\/div><\/div><\/div><\/div>\n<!-- \/wp:tecom-blocks\/promo -->\n\n<!-- wp:tecom-blocks\/products {\"productBlockType\":\"popular\"} \/-->",
			"post_title": "Homepage",
			"post_excerpt": "",
			"post_status": "publish",
			"comment_status": "closed",
			"ping_status": "closed",
			"post_password": "",
			"post_name": "homepage",
			"to_ping": "",
			"pinged": "",
			"post_modified": "2022-08-30 12:16:11",
			"post_modified_gmt": "2022-08-30 12:16:11",
			"post_content_filtered": "",
			"post_parent": 0,
			"menu_order": 0,
			"post_type": "page",
			"post_mime_type": "",
			"comment_count": "0",
			"filter": "raw",
			"ancestors": [],
			"page_template": "",
			"post_category": [],
			"tags_input": []
		},
		"1": {
			"ID": 1,
			"post_author": "1",
			"post_date": "2022-08-30 11:33:50",
			"post_date_gmt": "2022-08-30 11:33:50",
			"post_content": "<!-- wp:paragraph -->\n<p>Welcome to WordPress. This is your first post. Edit or delete it, then start writing!<\/p>\n<!-- \/wp:paragraph -->",
			"post_title": "Hello world!",
			"post_excerpt": "",
			"post_status": "publish",
			"comment_status": "open",
			"ping_status": "open",
			"post_password": "",
			"post_name": "hello-world",
			"to_ping": "",
			"pinged": "",
			"post_modified": "2022-08-30 11:33:50",
			"post_modified_gmt": "2022-08-30 11:33:50",
			"post_content_filtered": "",
			"post_parent": 0,
			"menu_order": 0,
			"post_type": "post",
			"post_mime_type": "",
			"comment_count": "1",
			"filter": "raw",
			"ancestors": [],
			"page_template": "",
			"post_category": [
				1
			],
			"tags_input": []
		},
		"2": {
			"ID": 2,
			"post_author": "1",
			"post_date": "2022-08-30 11:33:50",
			"post_date_gmt": "2022-08-30 11:33:50",
			"post_content": "<!-- wp:paragraph -->\n<p>This is an example page. It's different from a blog post because it will stay in one place and will show up in your site navigation (in most themes). Most people start with an About page that introduces them to potential site visitors. It might say something like this:<\/p>\n<!-- \/wp:paragraph -->\n\n<!-- wp:quote -->\n<blockquote class=\"wp-block-quote\"><p>Hi there! I'm a bike messenger by day, aspiring actor by night, and this is my website. I live in Los Angeles, have a great dog named Jack, and I like pi&#241;a coladas. (And gettin' caught in the rain.)<\/p><\/blockquote>\n<!-- \/wp:quote -->\n\n<!-- wp:paragraph -->\n<p>...or something like this:<\/p>\n<!-- \/wp:paragraph -->\n\n<!-- wp:quote -->\n<blockquote class=\"wp-block-quote\"><p>The XYZ Doohickey Company was founded in 1971, and has been providing quality doohickeys to the public ever since. Located in Gotham City, XYZ employs over 2,000 people and does all kinds of awesome things for the Gotham community.<\/p><\/blockquote>\n<!-- \/wp:quote -->\n\n<!-- wp:paragraph -->\n<p>As a new WordPress user, you should go to <a href=\"http:\/\/titan-blueprint.local\/wp-admin\/\">your dashboard<\/a> to delete this page and create new pages for your content. Have fun!<\/p>\n<!-- \/wp:paragraph -->",
			"post_title": "Sample Page",
			"post_excerpt": "",
			"post_status": "publish",
			"comment_status": "closed",
			"ping_status": "open",
			"post_password": "",
			"post_name": "sample-page",
			"to_ping": "",
			"pinged": "",
			"post_modified": "2022-08-30 11:33:50",
			"post_modified_gmt": "2022-08-30 11:33:50",
			"post_content_filtered": "",
			"post_parent": 0,
			"menu_order": 0,
			"post_type": "page",
			"post_mime_type": "",
			"comment_count": "0",
			"filter": "raw",
			"ancestors": [],
			"page_template": "default",
			"post_category": [],
			"tags_input": []
		}
	},
	"post_terms": {
		"1": [{
			"term_id": 1,
			"name": "Uncategorized",
			"slug": "uncategorized",
			"term_group": 0,
			"term_taxonomy_id": 1,
			"taxonomy": "category",
			"description": "",
			"parent": 0,
			"count": 1,
			"filter": "raw"
		}]
	},
	"post_meta": {
		"2": [{
			"meta_key": "_wp_page_template",
			"meta_value": "default"
		}]
	},
	"media": [],
	"relationships": []
}