{
  "meta": {
    "schema": "1.0",
    "version": "1.0",
    "name": "ACM Blueprint",
    "description": "",
    "requires": {
      "wordpress": "5.9.2",
      "acm": "0.15.0"
    }
  },
  "models": {
    "product": {
      "show_in_rest": true,
      "show_in_graphql": true,
      "singular": "Product",
      "plural": "Products",
      "slug": "product",
      "api_visibility": "public",
      "model_icon": "dashicons-cart",
      "description": "",
      "fields": {
        "1652302433598": {
          "show_in_rest": true,
          "show_in_graphql": true,
          "type": "number",
          "id": "1652302433598",
          "position": "0",
          "name": "Product ID",
          "slug": "bigCommerceID",
          "isRepeatableNumber": false,
          "numberType": "integer",
          "required": true,
          "description": "",
          "minValue": "",
          "maxValue": "",
          "step": ""
        },
        "1652302701250": {
          "show_in_rest": true,
          "show_in_graphql": true,
          "type": "text",
          "id": "1652302701250",
          "position": "10000",
          "name": "Name",
          "slug": "name",
          "isRepeatable": false,
          "isTitle": true,
          "inputType": "single",
          "required": false,
          "description": "",
          "minChars": "",
          "maxChars": "",
          "minRepeatable": "",
          "maxRepeatable": ""
        },
        "1652302915483": {
          "show_in_rest": true,
          "show_in_graphql": true,
          "type": "text",
          "id": "1652302915483",
          "position": "20000",
          "name": "Image Url",
          "slug": "imageUrl",
          "isRepeatable": false,
          "inputType": "single",
          "required": false,
          "description": "",
          "minChars": "",
          "maxChars": "",
          "minRepeatable": "",
          "maxRepeatable": ""
        },
        "1652303042349": {
          "show_in_rest": true,
          "show_in_graphql": true,
          "type": "text",
          "id": "1652303042349",
          "position": "40000",
          "name": "Json",
          "slug": "json",
          "isRepeatable": false,
          "inputType": "single",
          "required": false,
          "description": "",
          "minChars": "",
          "maxChars": "",
          "minRepeatable": "",
          "maxRepeatable": ""
        },
        "1652303201450": {
          "show_in_rest": true,
          "show_in_graphql": true,
          "type": "text",
          "id": "1652303201450",
          "position": "5000",
          "name": "Sku",
          "slug": "sku",
          "isRepeatable": false,
          "inputType": "single",
          "required": false,
          "description": "",
          "minChars": "",
          "maxChars": "",
          "minRepeatable": "",
          "maxRepeatable": ""
        },
        "1652303948326": {
          "show_in_rest": true,
          "show_in_graphql": true,
          "type": "relationship",
          "id": "1652303948326",
          "position": "50000",
          "name": "Variants",
          "slug": "variants",
          "required": false,
          "description": "",
          "minChars": "",
          "maxChars": "",
          "minRepeatable": "",
          "maxRepeatable": "",
          "reference": "variant",
          "cardinality": "one-to-many",
          "enableReverse": false,
          "reverseName": "Products",
          "reverseSlug": "products"
        },
        "1652353890424": {
          "show_in_rest": true,
          "show_in_graphql": true,
          "type": "relationship",
          "id": "1652353890424",
          "position": "60000",
          "name": "Modifiers",
          "slug": "modifiers",
          "required": false,
          "description": "",
          "minChars": "",
          "maxChars": "",
          "minRepeatable": "",
          "maxRepeatable": "",
          "reference": "modifier",
          "cardinality": "one-to-many",
          "enableReverse": false,
          "reverseName": "Products",
          "reverseSlug": "products"
        },
        "1654284723919": {
          "show_in_rest": true,
          "show_in_graphql": true,
          "type": "relationship",
          "id": "1654284723919",
          "position": "70000",
          "name": "Images",
          "slug": "images",
          "required": false,
          "description": "",
          "minChars": "",
          "maxChars": "",
          "minRepeatable": "",
          "maxRepeatable": "",
          "reference": "image",
          "cardinality": "one-to-many",
          "enableReverse": false,
          "reverseName": "Products",
          "reverseSlug": "products"
        },
        "1655848695966": {
          "show_in_rest": true,
          "show_in_graphql": true,
          "type": "relationship",
          "id": "1655848695966",
          "position": "90000",
          "name": "Product Categories",
          "slug": "productCategories",
          "reference": "product-category",
          "cardinality": "many-to-many",
          "enableReverse": true,
          "reverseName": "Products",
          "reverseSlug": "products",
          "required": false,
          "description": ""
        },
        "1655849186501": {
          "show_in_rest": true,
          "show_in_graphql": true,
          "type": "number",
          "id": "1655849186501",
          "position": "35000",
          "name": "Price",
          "slug": "price",
          "required": true,
          "description": "",
          "minChars": "",
          "maxChars": "",
          "minRepeatable": "",
          "maxRepeatable": "",
          "isRepeatableNumber": false,
          "numberType": "decimal",
          "minValue": "",
          "maxValue": "",
          "step": ""
        },
        "1655849689700": {
          "show_in_rest": true,
          "show_in_graphql": true,
          "type": "text",
          "id": "1655849689700",
          "position": "37500",
          "name": "Product Type",
          "slug": "productType",
          "isRepeatable": false,
          "inputType": "single",
          "required": true,
          "description": "",
          "minChars": "",
          "maxChars": "",
          "minRepeatable": "",
          "maxRepeatable": ""
        },
        "1655849752630": {
          "show_in_rest": true,
          "show_in_graphql": true,
          "type": "number",
          "id": "1655849752630",
          "position": "38750",
          "name": "Weight",
          "slug": "weight",
          "required": true,
          "description": "",
          "minChars": "",
          "maxChars": "",
          "minRepeatable": "",
          "maxRepeatable": "",
          "isRepeatableNumber": false,
          "numberType": "decimal",
          "minValue": "",
          "maxValue": "",
          "step": ""
        },
        "1655849903321": {
          "show_in_rest": true,
          "show_in_graphql": true,
          "type": "number",
          "id": "1655849903321",
          "position": "39375",
          "name": "Cost Price",
          "slug": "costPrice",
          "isRepeatableNumber": false,
          "numberType": "decimal",
          "required": false,
          "description": "",
          "minValue": "",
          "maxValue": "",
          "step": ""
        },
        "1655849970163": {
          "show_in_rest": true,
          "show_in_graphql": true,
          "type": "number",
          "id": "1655849970163",
          "position": "39687.5",
          "name": "Retail Price",
          "slug": "retailPrice",
          "required": false,
          "description": "",
          "minChars": "",
          "maxChars": "",
          "minRepeatable": "",
          "maxRepeatable": "",
          "isRepeatableNumber": false,
          "numberType": "decimal",
          "minValue": "",
          "maxValue": "",
          "step": ""
        },
        "1655849988964": {
          "show_in_rest": true,
          "show_in_graphql": true,
          "type": "number",
          "id": "1655849988964",
          "position": "39843.75",
          "name": "Sale Price",
          "slug": "salePrice",
          "required": false,
          "description": "",
          "minChars": "",
          "maxChars": "",
          "minRepeatable": "",
          "maxRepeatable": "",
          "isRepeatableNumber": false,
          "numberType": "decimal",
          "minValue": "",
          "maxValue": "",
          "step": ""
        },
        "1655850008636": {
          "show_in_rest": true,
          "show_in_graphql": true,
          "type": "number",
          "id": "1655850008636",
          "position": "39921.875",
          "name": "MAP Price",
          "slug": "mAPPrice",
          "required": false,
          "description": "",
          "minChars": "",
          "maxChars": "",
          "minRepeatable": "",
          "maxRepeatable": "",
          "isRepeatableNumber": false,
          "numberType": "decimal",
          "minValue": "",
          "maxValue": "",
          "step": ""
        },
        "1655850044317": {
          "show_in_rest": true,
          "show_in_graphql": true,
          "type": "number",
          "id": "1655850044317",
          "position": "39960.9375",
          "name": "Inventory Level",
          "slug": "inventoryLevel",
          "required": false,
          "description": "",
          "minChars": "",
          "maxChars": "",
          "minRepeatable": "",
          "maxRepeatable": "",
          "isRepeatableNumber": false,
          "numberType": "integer",
          "minValue": "",
          "maxValue": "",
          "step": ""
        },
        "1655850070717": {
          "show_in_rest": true,
          "show_in_graphql": true,
          "type": "number",
          "id": "1655850070717",
          "position": "39980.46875",
          "name": "Inventory Warning Level",
          "slug": "inventoryWarningLevel",
          "required": false,
          "description": "",
          "minChars": "",
          "maxChars": "",
          "minRepeatable": "",
          "maxRepeatable": "",
          "isRepeatableNumber": false,
          "numberType": "integer",
          "minValue": "",
          "maxValue": "",
          "step": ""
        },
        "1655850088394": {
          "show_in_rest": true,
          "show_in_graphql": true,
          "type": "boolean",
          "id": "1655850088394",
          "position": "39990.234375",
          "name": "Visible",
          "slug": "visible",
          "required": false,
          "description": "",
          "minChars": "",
          "maxChars": "",
          "minRepeatable": "",
          "maxRepeatable": ""
        },
        "1655850101484": {
          "show_in_rest": true,
          "show_in_graphql": true,
          "type": "boolean",
          "id": "1655850101484",
          "position": "39995.1171875",
          "name": "Featured",
          "slug": "featured",
          "required": false,
          "description": "",
          "minChars": "",
          "maxChars": "",
          "minRepeatable": "",
          "maxRepeatable": ""
        },
        "1655850129039": {
          "show_in_rest": true,
          "show_in_graphql": true,
          "type": "text",
          "id": "1655850129039",
          "position": "39997.55859375",
          "name": "RelatedProducts",
          "slug": "relatedProducts",
          "isRepeatable": false,
          "inputType": "single",
          "required": false,
          "description": "",
          "minChars": "",
          "maxChars": "",
          "minRepeatable": "",
          "maxRepeatable": ""
        },
        "1655850173991": {
          "show_in_rest": true,
          "show_in_graphql": true,
          "type": "text",
          "id": "1655850173991",
          "position": "39998.779296875",
          "name": "Search Keywords",
          "slug": "searchKeywords",
          "isRepeatable": false,
          "inputType": "single",
          "required": false,
          "description": "",
          "minChars": "",
          "maxChars": "",
          "minRepeatable": "",
          "maxRepeatable": ""
        },
        "1655850184144": {
          "show_in_rest": true,
          "show_in_graphql": true,
          "type": "text",
          "id": "1655850184144",
          "position": "39999.3896484375",
          "name": "Availability",
          "slug": "availability",
          "isRepeatable": false,
          "inputType": "single",
          "required": false,
          "description": "",
          "minChars": "",
          "maxChars": "",
          "minRepeatable": "",
          "maxRepeatable": ""
        },
        "1655850286667": {
          "show_in_rest": true,
          "show_in_graphql": true,
          "type": "number",
          "id": "1655850286667",
          "position": "39999.69482421875",
          "name": "Sort Order",
          "slug": "sortOrder",
          "required": false,
          "description": "",
          "minChars": "",
          "maxChars": "",
          "minRepeatable": "",
          "maxRepeatable": "",
          "isRepeatableNumber": false,
          "numberType": "integer",
          "minValue": "",
          "maxValue": "",
          "step": ""
        },
        "1655850296003": {
          "show_in_rest": true,
          "show_in_graphql": true,
          "type": "text",
          "id": "1655850296003",
          "position": "39999.847412109375",
          "name": "Product Page Title",
          "slug": "productPageTitle",
          "isRepeatable": false,
          "inputType": "single",
          "required": false,
          "description": "",
          "minChars": "",
          "maxChars": "",
          "minRepeatable": "",
          "maxRepeatable": ""
        },
        "1655850317779": {
          "show_in_rest": true,
          "show_in_graphql": true,
          "type": "text",
          "id": "1655850317779",
          "position": "39999.92370605469",
          "name": "Meta Keywords",
          "slug": "metaKeywords",
          "isRepeatable": false,
          "inputType": "single",
          "required": false,
          "description": "",
          "minChars": "",
          "maxChars": "",
          "minRepeatable": "",
          "maxRepeatable": ""
        },
        "1655850368093": {
          "show_in_rest": true,
          "show_in_graphql": true,
          "type": "text",
          "id": "1655850368093",
          "position": "39999.961853027344",
          "name": "Meta Description",
          "slug": "metaDescription",
          "isRepeatable": false,
          "inputType": "multi",
          "required": false,
          "description": "",
          "minChars": "",
          "maxChars": "",
          "minRepeatable": "",
          "maxRepeatable": ""
        },
        "1655850391293": {
          "show_in_rest": true,
          "show_in_graphql": true,
          "type": "number",
          "id": "1655850391293",
          "position": "39999.98092651367",
          "name": "Total Sold",
          "slug": "totalSold",
          "required": false,
          "description": "",
          "minChars": "",
          "maxChars": "",
          "minRepeatable": "",
          "maxRepeatable": "",
          "isRepeatableNumber": false,
          "numberType": "integer",
          "minValue": "",
          "maxValue": "",
          "step": ""
        },
        "1657920568744": {
          "show_in_rest": true,
          "show_in_graphql": true,
          "type": "text",
          "id": "1657920568744",
          "position": "39999.990463256836",
          "name": "Date Created",
          "slug": "dateCreated",
          "isRepeatable": false,
          "inputType": "single",
          "required": false,
          "description": "",
          "minChars": "",
          "maxChars": "",
          "minRepeatable": "",
          "maxRepeatable": ""
        },
        "1658442145565": {
          "show_in_rest": true,
          "show_in_graphql": true,
          "type": "text",
          "id": "1658442145565",
          "position": "39999.99523162842",
          "name": "Product Slug",
          "slug": "productSlug",
          "isRepeatable": false,
          "inputType": "single",
          "required": false,
          "description": "",
          "minChars": "",
          "maxChars": "",
          "minRepeatable": "",
          "maxRepeatable": ""
        },
        "1658760721509": {
          "show_in_rest": true,
          "show_in_graphql": true,
          "type": "text",
          "id": "1658760721509",
          "position": "39999.99761581421",
          "name": "ProductFormFieldsJson",
          "slug": "productFormFieldsJson",
          "isRepeatable": false,
          "inputType": "multi",
          "required": false,
          "description": "json to construct form fields related to product options and modifiers",
          "minChars": "",
          "maxChars": "",
          "minRepeatable": "",
          "maxRepeatable": ""
        },
        "1658760796581": {
          "show_in_rest": true,
          "show_in_graphql": true,
          "type": "text",
          "id": "1658760796581",
          "position": "39999.998807907104",
          "name": "VariantLookupJson",
          "slug": "variantLookupJson",
          "isRepeatable": false,
          "inputType": "single",
          "required": false,
          "description": "Json to allow lookup of variants by option value combos.",
          "minChars": "",
          "maxChars": "",
          "minRepeatable": "",
          "maxRepeatable": ""
        },
        "1658760849902": {
          "show_in_rest": true,
          "show_in_graphql": true,
          "type": "text",
          "id": "1658760849902",
          "position": "39999.99940395355",
          "name": "ModifierLookupJson",
          "slug": "modifierLookupJson",
          "isRepeatable": false,
          "inputType": "single",
          "required": false,
          "description": "Json for easy access to modifier data which updates FE display",
          "minChars": "",
          "maxChars": "",
          "minRepeatable": "",
          "maxRepeatable": ""
        },
        "1660675828533": {
          "show_in_rest": true,
          "show_in_graphql": true,
          "type": "number",
          "id": "1660675828533",
          "position": "39999.999701976776",
          "name": "Reviews Rating",
          "slug": "reviewsRating",
          "required": false,
          "description": "",
          "minChars": "",
          "maxChars": "",
          "minRepeatable": "",
          "maxRepeatable": "",
          "isRepeatableNumber": false,
          "numberType": "decimal",
          "minValue": "",
          "maxValue": "",
          "step": ""
        },
        "1660675840916": {
          "show_in_rest": true,
          "show_in_graphql": true,
          "type": "number",
          "id": "1660675840916",
          "position": "39999.99985098839",
          "name": "Reviews Count",
          "slug": "reviewsCount",
          "required": false,
          "description": "",
          "minChars": "",
          "maxChars": "",
          "minRepeatable": "",
          "maxRepeatable": "",
          "isRepeatableNumber": false,
          "numberType": "integer",
          "minValue": "",
          "maxValue": "",
          "step": ""
        },
        "1661291988240": {
          "show_in_rest": true,
          "show_in_graphql": true,
          "type": "number",
          "id": "1661291988240",
          "position": "39941.40625",
          "name": "Calculated Price",
          "slug": "calculatedPrice",
          "required": false,
          "description": "",
          "minChars": "",
          "maxChars": "",
          "minRepeatable": "",
          "maxRepeatable": "",
          "isRepeatableNumber": false,
          "numberType": "decimal",
          "minValue": "",
          "maxValue": "",
          "step": ""
        },
        "1661884423909": {
          "show_in_rest": true,
          "show_in_graphql": true,
          "type": "text",
          "id": "1661884423909",
          "position": "39999.999925494194",
          "name": "Inventory Tracking",
          "slug": "inventoryTracking",
          "isRepeatable": false,
          "inputType": "single",
          "required": false,
          "description": "",
          "minChars": "",
          "maxChars": "",
          "minRepeatable": "",
          "maxRepeatable": ""
        },
        "1665065634019": {
          "show_in_rest": true,
          "show_in_graphql": true,
          "type": "relationship",
          "id": "1665065634019",
          "position": "100000",
          "name": "Product Option Values",
          "slug": "productOptionValues",
          "required": false,
          "description": "",
          "minChars": "",
          "maxChars": "",
          "minRepeatable": "",
          "maxRepeatable": "",
          "reference": "productoptionvalue",
          "cardinality": "many-to-many",
          "enableReverse": true,
          "reverseName": "Products",
          "reverseSlug": "products"
        },
        "1667854636335": {
          "show_in_rest": true,
          "show_in_graphql": true,
          "type": "relationship",
          "id": "1667854636335",
          "position": "110000",
          "name": "BC Custom Fields",
          "slug": "bcCustomFields",
          "required": false,
          "description": "",
          "minChars": "",
          "maxChars": "",
          "minRepeatable": "",
          "maxRepeatable": "",
          "reference": "bccustomfield",
          "cardinality": "many-to-many",
          "enableReverse": true,
          "reverseName": "Products",
          "reverseSlug": "products"
        },
        "1669751430648": {
          "show_in_rest": true,
          "show_in_graphql": true,
          "type": "relationship",
          "id": "1669751430648",
          "position": "80000",
          "name": "Brand",
          "slug": "brand",
          "required": false,
          "description": "",
          "minChars": "",
          "maxChars": "",
          "minRepeatable": "",
          "maxRepeatable": "",
          "reference": "brand",
          "cardinality": "many-to-one",
          "enableReverse": true,
          "reverseName": "Products",
          "reverseSlug": "products"
        },
        "1670263050949": {
          "show_in_rest": true,
          "show_in_graphql": true,
          "type": "boolean",
          "id": "1670263050949",
          "position": "39996.337890625",
          "name": "Best Selling",
          "slug": "bestSelling",
          "required": false,
          "description": "",
          "minChars": "",
          "maxChars": "",
          "minRepeatable": "",
          "maxRepeatable": ""
        },
        "1670264420866": {
          "show_in_rest": true,
          "show_in_graphql": true,
          "type": "text",
          "id": "1670264420866",
          "position": "36250",
          "name": "Price Range",
          "slug": "priceRange",
          "isRepeatable": false,
          "inputType": "single",
          "required": false,
          "description": "",
          "minChars": "",
          "maxChars": "",
          "minRepeatable": "",
          "maxRepeatable": ""
        },
        "1673458463596": {
          "show_in_rest": true,
          "show_in_graphql": true,
          "type": "relationship",
          "id": "1673458463596",
          "position": "75000",
          "name": "Videos",
          "slug": "videos",
          "required": false,
          "description": "",
          "minChars": "",
          "maxChars": "",
          "minRepeatable": "",
          "maxRepeatable": "",
          "reference": "video",
          "cardinality": "one-to-many",
          "enableReverse": false,
          "reverseName": "Products",
          "reverseSlug": "products"
        },
        "1673484281926": {
          "show_in_rest": true,
          "show_in_graphql": true,
          "type": "richtext",
          "id": "1673484281926",
          "position": "15000",
          "name": "Description",
          "slug": "description",
          "description": "",
          "minChars": "",
          "maxChars": "",
          "minRepeatable": "",
          "maxRepeatable": "",
          "isRepeatableRichText": false
        }
      },
      "has_archive": "1",
      "with_front": "1"
    },
    "variant": {
      "show_in_rest": true,
      "show_in_graphql": true,
      "singular": "Variant",
      "plural": "Variants",
      "slug": "variant",
      "api_visibility": "public",
      "model_icon": "dashicons-image-filter",
      "description": "",
      "fields": {
        "1652303779275": {
          "show_in_rest": true,
          "show_in_graphql": true,
          "type": "text",
          "id": "1652303779275",
          "position": "30000",
          "name": "Image Url",
          "slug": "imageUrl",
          "isRepeatable": false,
          "inputType": "single",
          "required": false,
          "description": "",
          "minChars": "",
          "maxChars": "",
          "minRepeatable": "",
          "maxRepeatable": ""
        },
        "1652303799872": {
          "show_in_rest": true,
          "show_in_graphql": true,
          "type": "text",
          "id": "1652303799872",
          "position": "50000",
          "name": "Json",
          "slug": "json",
          "isRepeatable": false,
          "inputType": "single",
          "required": false,
          "description": "",
          "minChars": "",
          "maxChars": "",
          "minRepeatable": "",
          "maxRepeatable": ""
        },
        "1652365750779": {
          "show_in_rest": true,
          "show_in_graphql": true,
          "type": "number",
          "id": "1652365750779",
          "position": "27500",
          "name": "Price",
          "slug": "price",
          "required": false,
          "description": "",
          "minChars": "",
          "maxChars": "",
          "minRepeatable": "",
          "maxRepeatable": "",
          "isRepeatableNumber": false,
          "numberType": "decimal",
          "minValue": "",
          "maxValue": "",
          "step": ""
        },
        "1654171837307": {
          "show_in_rest": true,
          "show_in_graphql": true,
          "type": "number",
          "id": "1654171837307",
          "position": "28750",
          "name": "Inventory Level",
          "slug": "inventoryLevel",
          "required": false,
          "description": "",
          "minChars": "",
          "maxChars": "",
          "minRepeatable": "",
          "maxRepeatable": "",
          "isRepeatableNumber": false,
          "numberType": "integer",
          "minValue": "",
          "maxValue": "",
          "step": ""
        },
        "1657810262197": {
          "show_in_rest": true,
          "show_in_graphql": true,
          "type": "boolean",
          "id": "1657810262197",
          "position": "40000",
          "name": "Purchasing Disabled",
          "slug": "purchasingDisabled",
          "required": false,
          "description": "",
          "minChars": "",
          "maxChars": "",
          "minRepeatable": "",
          "maxRepeatable": ""
        },
        "1657810343756": {
          "show_in_rest": true,
          "show_in_graphql": true,
          "type": "number",
          "id": "1657810343756",
          "position": "28125",
          "name": "Cost  Price",
          "slug": "costPrice",
          "required": false,
          "description": "",
          "minChars": "",
          "maxChars": "",
          "minRepeatable": "",
          "maxRepeatable": "",
          "isRepeatableNumber": false,
          "numberType": "decimal",
          "minValue": "",
          "maxValue": "",
          "step": ""
        },
        "1657810375183": {
          "show_in_rest": true,
          "show_in_graphql": true,
          "type": "text",
          "id": "1657810375183",
          "position": "5000",
          "name": "Variant Display Name",
          "slug": "variantDisplayName",
          "isRepeatable": false,
          "isTitle": true,
          "inputType": "single",
          "required": false,
          "description": "",
          "minChars": "",
          "maxChars": "",
          "minRepeatable": "",
          "maxRepeatable": ""
        },
        "1657837561512": {
          "show_in_rest": true,
          "show_in_graphql": true,
          "type": "text",
          "id": "1657837561512",
          "position": "16250",
          "name": "Sku",
          "slug": "sku",
          "isRepeatable": false,
          "inputType": "single",
          "required": false,
          "description": "",
          "minChars": "",
          "maxChars": "",
          "minRepeatable": "",
          "maxRepeatable": ""
        },
        "1661440300025": {
          "show_in_rest": true,
          "show_in_graphql": true,
          "type": "number",
          "id": "1661440300025",
          "position": "2500",
          "name": "bigCommerceVariantID",
          "slug": "bigCommerceVariantID",
          "isRepeatableNumber": false,
          "numberType": "integer",
          "required": true,
          "description": "",
          "minValue": "",
          "maxValue": "",
          "step": ""
        },
        "1661884559976": {
          "show_in_rest": true,
          "show_in_graphql": true,
          "type": "number",
          "id": "1661884559976",
          "position": "28437.5",
          "name": "Calculated Price",
          "slug": "calculatedPrice",
          "required": false,
          "description": "",
          "minChars": "",
          "maxChars": "",
          "minRepeatable": "",
          "maxRepeatable": "",
          "isRepeatableNumber": false,
          "numberType": "decimal",
          "minValue": "",
          "maxValue": "",
          "step": ""
        },
        "1661884609320": {
          "show_in_rest": true,
          "show_in_graphql": true,
          "type": "number",
          "id": "1661884609320",
          "position": "28593.75",
          "name": "Sale Price",
          "slug": "salePrice",
          "required": false,
          "description": "",
          "minChars": "",
          "maxChars": "",
          "minRepeatable": "",
          "maxRepeatable": "",
          "isRepeatableNumber": false,
          "numberType": "decimal",
          "minValue": "",
          "maxValue": "",
          "step": ""
        }
      }
    },
    "modifier": {
      "show_in_rest": true,
      "show_in_graphql": true,
      "singular": "Modifier",
      "plural": "Modifiers",
      "slug": "modifier",
      "api_visibility": "public",
      "model_icon": "dashicons-screenoptions",
      "description": "",
      "fields": {
        "1652353780436": {
          "show_in_rest": true,
          "show_in_graphql": true,
          "type": "number",
          "id": "1652353780436",
          "position": "0",
          "name": "Modifier ID",
          "slug": "modifierID",
          "isRepeatableNumber": false,
          "numberType": "integer",
          "required": true,
          "description": "",
          "minValue": "",
          "maxValue": "",
          "step": ""
        },
        "1652353865933": {
          "show_in_rest": true,
          "show_in_graphql": true,
          "type": "text",
          "id": "1652353865933",
          "position": "50000",
          "name": "Json",
          "slug": "json",
          "isRepeatable": false,
          "inputType": "single",
          "required": false,
          "description": "",
          "minChars": "",
          "maxChars": "",
          "minRepeatable": "",
          "maxRepeatable": ""
        },
        "1652386788182": {
          "show_in_rest": true,
          "show_in_graphql": true,
          "type": "text",
          "id": "1652386788182",
          "position": "35000",
          "name": "Type",
          "slug": "type",
          "isRepeatable": false,
          "inputType": "single",
          "required": false,
          "description": "",
          "minChars": "",
          "maxChars": "",
          "minRepeatable": "",
          "maxRepeatable": ""
        },
        "1652386857117": {
          "show_in_rest": true,
          "show_in_graphql": true,
          "type": "text",
          "id": "1652386857117",
          "position": "27500",
          "name": "Display Name",
          "slug": "displayName",
          "isRepeatable": false,
          "isTitle": true,
          "inputType": "single",
          "required": false,
          "description": "",
          "minChars": "",
          "maxChars": "",
          "minRepeatable": "",
          "maxRepeatable": ""
        },
        "1657811411086": {
          "show_in_rest": true,
          "show_in_graphql": true,
          "type": "boolean",
          "id": "1657811411086",
          "position": "38750",
          "name": "Required",
          "slug": "required",
          "required": true,
          "description": "Whether modifier is required at checkout",
          "minChars": "",
          "maxChars": "",
          "minRepeatable": "",
          "maxRepeatable": ""
        },
        "1657811518834": {
          "show_in_rest": true,
          "show_in_graphql": true,
          "type": "text",
          "id": "1657811518834",
          "position": "46250",
          "name": "Config",
          "slug": "config",
          "isRepeatable": false,
          "inputType": "multi",
          "required": false,
          "description": "Values for configuring option such as default value, accepted file types, etc.",
          "minChars": "",
          "maxChars": "",
          "minRepeatable": "",
          "maxRepeatable": ""
        },
        "1657811947711": {
          "show_in_rest": true,
          "show_in_graphql": true,
          "type": "text",
          "id": "1657811947711",
          "position": "31250",
          "name": "Name",
          "slug": "name",
          "isRepeatable": false,
          "inputType": "single",
          "required": false,
          "description": "The unique option name. Auto-generated by BC from the display name, a timestamp, and the associated product ID.",
          "minChars": "",
          "maxChars": "",
          "minRepeatable": "",
          "maxRepeatable": ""
        },
        "1657842511346": {
          "show_in_rest": true,
          "show_in_graphql": true,
          "type": "number",
          "id": "1657842511346",
          "position": "36875",
          "name": "Sort Order",
          "slug": "sortOrder",
          "required": false,
          "description": "",
          "minChars": "",
          "maxChars": "",
          "minRepeatable": "",
          "maxRepeatable": "",
          "isRepeatableNumber": false,
          "numberType": "integer",
          "minValue": "",
          "maxValue": "",
          "step": ""
        }
      },
      "with_front": "1"
    },
    "image": {
      "show_in_rest": true,
      "show_in_graphql": true,
      "singular": "Image",
      "plural": "Images",
      "slug": "image",
      "api_visibility": "public",
      "model_icon": "dashicons-format-gallery",
      "description": "",
      "fields": {
        "1654283294256": {
          "show_in_rest": true,
          "show_in_graphql": true,
          "type": "number",
          "id": "1654283294256",
          "position": "0",
          "name": "Image ID",
          "slug": "imageID",
          "isRepeatableNumber": false,
          "numberType": "integer",
          "required": false,
          "description": "",
          "minValue": "",
          "maxValue": "",
          "step": ""
        },
        "1654283326136": {
          "show_in_rest": true,
          "show_in_graphql": true,
          "type": "number",
          "id": "1654283326136",
          "position": "10000",
          "name": "Product ID",
          "slug": "productID",
          "required": false,
          "description": "",
          "minChars": "",
          "maxChars": "",
          "minRepeatable": "",
          "maxRepeatable": "",
          "isRepeatableNumber": false,
          "numberType": "integer",
          "minValue": "",
          "maxValue": "",
          "step": ""
        },
        "1654283355854": {
          "show_in_rest": true,
          "show_in_graphql": true,
          "type": "boolean",
          "id": "1654283355854",
          "position": "20000",
          "name": "Is Thumbnail",
          "slug": "isThumbnail",
          "required": false,
          "description": "",
          "minChars": "",
          "maxChars": "",
          "minRepeatable": "",
          "maxRepeatable": ""
        },
        "1654283412803": {
          "show_in_rest": true,
          "show_in_graphql": true,
          "type": "text",
          "id": "1654283412803",
          "position": "30000",
          "name": "Description",
          "slug": "description",
          "isRepeatable": false,
          "isTitle": false,
          "inputType": "multi",
          "required": false,
          "description": "",
          "minChars": "",
          "maxChars": "",
          "minRepeatable": "",
          "maxRepeatable": ""
        },
        "1654283447765": {
          "show_in_rest": true,
          "show_in_graphql": true,
          "type": "text",
          "id": "1654283447765",
          "position": "40000",
          "name": "Url Zoom",
          "slug": "urlZoom",
          "isRepeatable": false,
          "isTitle": false,
          "inputType": "single",
          "required": false,
          "description": "",
          "minChars": "",
          "maxChars": "",
          "minRepeatable": "",
          "maxRepeatable": ""
        },
        "1654283464156": {
          "show_in_rest": true,
          "show_in_graphql": true,
          "type": "text",
          "id": "1654283464156",
          "position": "50000",
          "name": "Url Standard",
          "slug": "urlStandard",
          "isRepeatable": false,
          "isTitle": false,
          "inputType": "single",
          "required": false,
          "description": "",
          "minChars": "",
          "maxChars": "",
          "minRepeatable": "",
          "maxRepeatable": ""
        },
        "1654283479582": {
          "show_in_rest": true,
          "show_in_graphql": true,
          "type": "text",
          "id": "1654283479582",
          "position": "60000",
          "name": "Url Thumbnail",
          "slug": "urlThumbnail",
          "isRepeatable": false,
          "isTitle": false,
          "inputType": "single",
          "required": false,
          "description": "",
          "minChars": "",
          "maxChars": "",
          "minRepeatable": "",
          "maxRepeatable": ""
        },
        "1654283498492": {
          "show_in_rest": true,
          "show_in_graphql": true,
          "type": "text",
          "id": "1654283498492",
          "position": "70000",
          "name": "Url Tiny",
          "slug": "urlTiny",
          "isRepeatable": false,
          "isTitle": false,
          "inputType": "single",
          "required": false,
          "description": "",
          "minChars": "",
          "maxChars": "",
          "minRepeatable": "",
          "maxRepeatable": ""
        },
        "1654284392878": {
          "show_in_rest": true,
          "show_in_graphql": true,
          "type": "number",
          "id": "1654284392878",
          "position": "25000",
          "name": "Sort Order",
          "slug": "sortOrder",
          "required": false,
          "description": "",
          "minChars": "",
          "maxChars": "",
          "minRepeatable": "",
          "maxRepeatable": "",
          "isRepeatableNumber": false,
          "numberType": "integer",
          "minValue": "",
          "maxValue": "",
          "step": ""
        }
      },
      "with_front": "1"
    },
    "brand": {
      "show_in_rest": true,
      "show_in_graphql": true,
      "singular": "Brand",
      "plural": "Brands",
      "slug": "brand",
      "api_visibility": "public",
      "model_icon": "dashicons-admin-post",
      "description": "",
      "fields": {
        "1655838790184": {
          "show_in_rest": true,
          "show_in_graphql": true,
          "type": "text",
          "id": "1655838790184",
          "position": "0",
          "name": "Name",
          "slug": "name",
          "isRepeatable": false,
          "isTitle": true,
          "inputType": "single",
          "required": true,
          "description": "",
          "minChars": "",
          "maxChars": "",
          "minRepeatable": "",
          "maxRepeatable": ""
        },
        "1655838815070": {
          "show_in_rest": true,
          "show_in_graphql": true,
          "type": "number",
          "id": "1655838815070",
          "position": "10000",
          "name": "Brand ID",
          "slug": "brandID",
          "required": true,
          "description": "",
          "minChars": "",
          "maxChars": "",
          "minRepeatable": "",
          "maxRepeatable": "",
          "isRepeatableNumber": false,
          "numberType": "integer",
          "minValue": "",
          "maxValue": "",
          "step": ""
        },
        "1655838836414": {
          "show_in_rest": true,
          "show_in_graphql": true,
          "type": "text",
          "id": "1655838836414",
          "position": "20000",
          "name": "Image Url",
          "slug": "imageUrl",
          "isRepeatable": false,
          "inputType": "single",
          "required": false,
          "description": "",
          "minChars": "",
          "maxChars": "",
          "minRepeatable": "",
          "maxRepeatable": ""
        },
        "1655838917361": {
          "show_in_rest": true,
          "show_in_graphql": true,
          "type": "text",
          "id": "1655838917361",
          "position": "30000",
          "name": "Json",
          "slug": "json",
          "isRepeatable": false,
          "inputType": "single",
          "required": false,
          "description": "",
          "minChars": "",
          "maxChars": "",
          "minRepeatable": "",
          "maxRepeatable": ""
        },
        "1655907123380": {
          "show_in_rest": true,
          "show_in_graphql": true,
          "type": "text",
          "id": "1655907123380",
          "position": "27500",
          "name": "Search Keywords",
          "slug": "searchKeywords",
          "isRepeatable": false,
          "inputType": "single",
          "required": false,
          "description": "",
          "minChars": "",
          "maxChars": "",
          "minRepeatable": "",
          "maxRepeatable": ""
        },
        "1655907133916": {
          "show_in_rest": true,
          "show_in_graphql": true,
          "type": "text",
          "id": "1655907133916",
          "position": "28750",
          "name": "Meta Keywords",
          "slug": "metaKeywords",
          "isRepeatable": false,
          "inputType": "single",
          "required": false,
          "description": "",
          "minChars": "",
          "maxChars": "",
          "minRepeatable": "",
          "maxRepeatable": ""
        },
        "1655907143923": {
          "show_in_rest": true,
          "show_in_graphql": true,
          "type": "text",
          "id": "1655907143923",
          "position": "29375",
          "name": "Meta Description",
          "slug": "metaDescription",
          "isRepeatable": false,
          "inputType": "multi",
          "required": false,
          "description": "",
          "minChars": "",
          "maxChars": "",
          "minRepeatable": "",
          "maxRepeatable": ""
        },
        "1655907232403": {
          "show_in_rest": true,
          "show_in_graphql": true,
          "type": "text",
          "id": "1655907232403",
          "position": "23750",
          "name": "Brand Page Title",
          "slug": "brandPageTitle",
          "isRepeatable": false,
          "inputType": "single",
          "required": false,
          "description": "",
          "minChars": "",
          "maxChars": "",
          "minRepeatable": "",
          "maxRepeatable": ""
        }
      },
      "with_front": "1"
    },
    "product-category": {
      "show_in_rest": true,
      "show_in_graphql": true,
      "singular": "Product Category",
      "plural": "Product Categories",
      "slug": "product-category",
      "api_visibility": "public",
      "model_icon": "dashicons-menu",
      "description": "",
      "fields": {
        "1655842189879": {
          "show_in_rest": true,
          "show_in_graphql": true,
          "type": "text",
          "id": "1655842189879",
          "position": "0",
          "name": "Name",
          "slug": "name",
          "isRepeatable": false,
          "isTitle": true,
          "inputType": "single",
          "required": true,
          "description": "",
          "minChars": "",
          "maxChars": "",
          "minRepeatable": "",
          "maxRepeatable": ""
        },
        "1655847567186": {
          "show_in_rest": true,
          "show_in_graphql": true,
          "type": "number",
          "id": "1655847567186",
          "position": "10000",
          "name": "Category ID",
          "slug": "categoryID",
          "required": true,
          "description": "",
          "minChars": "",
          "maxChars": "",
          "minRepeatable": "",
          "maxRepeatable": "",
          "isRepeatableNumber": false,
          "numberType": "integer",
          "minValue": "",
          "maxValue": "",
          "step": ""
        },
        "1655847607282": {
          "show_in_rest": true,
          "show_in_graphql": true,
          "type": "number",
          "id": "1655847607282",
          "position": "20000",
          "name": "Category Parent ID",
          "slug": "categoryParentID",
          "isRepeatableNumber": false,
          "numberType": "integer",
          "required": false,
          "description": "",
          "minValue": "",
          "maxValue": "",
          "step": ""
        },
        "1655847822293": {
          "show_in_rest": true,
          "show_in_graphql": true,
          "type": "number",
          "id": "1655847822293",
          "position": "30000",
          "name": "Sort Order",
          "slug": "sortOrder",
          "required": false,
          "description": "",
          "minChars": "",
          "maxChars": "",
          "minRepeatable": "",
          "maxRepeatable": "",
          "isRepeatableNumber": false,
          "numberType": "integer",
          "minValue": "",
          "maxValue": "",
          "step": ""
        },
        "1655848565506": {
          "show_in_rest": true,
          "show_in_graphql": true,
          "type": "text",
          "id": "1655848565506",
          "position": "40000",
          "name": "Category Page Title",
          "slug": "categoryPageTitle",
          "isRepeatable": false,
          "inputType": "single",
          "required": false,
          "description": "",
          "minChars": "",
          "maxChars": "",
          "minRepeatable": "",
          "maxRepeatable": ""
        },
        "1655848584202": {
          "show_in_rest": true,
          "show_in_graphql": true,
          "type": "text",
          "id": "1655848584202",
          "position": "50000",
          "name": "Search Keywords",
          "slug": "searchKeywords",
          "isRepeatable": false,
          "inputType": "single",
          "required": false,
          "description": "",
          "minChars": "",
          "maxChars": "",
          "minRepeatable": "",
          "maxRepeatable": ""
        },
        "1655848597706": {
          "show_in_rest": true,
          "show_in_graphql": true,
          "type": "text",
          "id": "1655848597706",
          "position": "60000",
          "name": "Meta Keywords",
          "slug": "metaKeywords",
          "isRepeatable": false,
          "inputType": "single",
          "required": false,
          "description": "",
          "minChars": "",
          "maxChars": "",
          "minRepeatable": "",
          "maxRepeatable": ""
        },
        "1655848613580": {
          "show_in_rest": true,
          "show_in_graphql": true,
          "type": "text",
          "id": "1655848613580",
          "position": "70000",
          "name": "Meta Description",
          "slug": "metaDescription",
          "isRepeatable": false,
          "inputType": "multi",
          "required": false,
          "description": "",
          "minChars": "",
          "maxChars": "",
          "minRepeatable": "",
          "maxRepeatable": ""
        },
        "1655848638685": {
          "show_in_rest": true,
          "show_in_graphql": true,
          "type": "boolean",
          "id": "1655848638685",
          "position": "80000",
          "name": "Visible",
          "slug": "visible",
          "required": false,
          "description": "",
          "minChars": "",
          "maxChars": "",
          "minRepeatable": "",
          "maxRepeatable": ""
        },
        "1655848652348": {
          "show_in_rest": true,
          "show_in_graphql": true,
          "type": "text",
          "id": "1655848652348",
          "position": "90000",
          "name": "Product Sort",
          "slug": "productSort",
          "isRepeatable": false,
          "inputType": "single",
          "required": false,
          "description": "",
          "minChars": "",
          "maxChars": "",
          "minRepeatable": "",
          "maxRepeatable": ""
        },
        "1655848672253": {
          "show_in_rest": true,
          "show_in_graphql": true,
          "type": "text",
          "id": "1655848672253",
          "position": "100000",
          "name": "Image Url",
          "slug": "imageUrl",
          "isRepeatable": false,
          "inputType": "single",
          "required": false,
          "description": "",
          "minChars": "",
          "maxChars": "",
          "minRepeatable": "",
          "maxRepeatable": ""
        },
        "1655940679649": {
          "show_in_rest": true,
          "show_in_graphql": true,
          "type": "text",
          "id": "1655940679649",
          "position": "110000",
          "name": "Json",
          "slug": "json",
          "isRepeatable": false,
          "inputType": "single",
          "required": false,
          "description": "",
          "minChars": "",
          "maxChars": "",
          "minRepeatable": "",
          "maxRepeatable": ""
        },
        "1660676047400": {
          "show_in_rest": true,
          "show_in_graphql": true,
          "type": "richtext",
          "id": "1660676047400",
          "position": "45000",
          "name": "Description",
          "slug": "description",
          "description": "",
          "minChars": "",
          "maxChars": "",
          "minRepeatable": "",
          "maxRepeatable": "",
          "isRepeatableRichText": false
        },
        "1660676183877": {
          "show_in_rest": true,
          "show_in_graphql": true,
          "type": "text",
          "id": "1660676183877",
          "position": "105000",
          "name": "Category Slug",
          "slug": "categorySlug",
          "isRepeatable": false,
          "inputType": "single",
          "required": false,
          "description": "",
          "minChars": "",
          "maxChars": "",
          "minRepeatable": "",
          "maxRepeatable": ""
        }
      },
      "with_front": "1",
      "has_archive": "1"
    },
    "storesetting": {
      "show_in_rest": true,
      "show_in_graphql": true,
      "singular": "StoreSetting",
      "plural": "StoreSettings",
      "slug": "storesetting",
      "api_visibility": "public",
      "model_icon": "dashicons-admin-home",
      "description": "Store information ",
      "fields": {
        "1658757194257": {
          "show_in_rest": true,
          "show_in_graphql": true,
          "type": "text",
          "id": "1658757194257",
          "position": 10000,
          "name": "Store Name",
          "slug": "storeName",
          "isRepeatable": false,
          "isTitle": true,
          "inputType": "single",
          "required": false,
          "description": "",
          "minChars": "",
          "maxChars": "",
          "minRepeatable": "",
          "maxRepeatable": ""
        },
        "1658757214663": {
          "show_in_rest": true,
          "show_in_graphql": true,
          "type": "text",
          "id": "1658757214663",
          "position": 20000,
          "name": "Store Address",
          "slug": "storeAddress",
          "isRepeatable": false,
          "inputType": "multi",
          "required": false,
          "description": "",
          "minChars": "",
          "maxChars": "",
          "minRepeatable": "",
          "maxRepeatable": ""
        },
        "1658757253242": {
          "show_in_rest": true,
          "show_in_graphql": true,
          "type": "text",
          "id": "1658757253242",
          "position": 30000,
          "name": "Store Phone",
          "slug": "storePhone",
          "isRepeatable": false,
          "inputType": "single",
          "required": false,
          "description": "",
          "minChars": "",
          "maxChars": "",
          "minRepeatable": "",
          "maxRepeatable": ""
        },
        "1658757792982": {
          "show_in_rest": true,
          "show_in_graphql": true,
          "type": "text",
          "id": "1658757792982",
          "position": 40000,
          "name": "Store Timezone",
          "slug": "storeTimezone",
          "isRepeatable": false,
          "inputType": "single",
          "required": false,
          "description": "",
          "minChars": "",
          "maxChars": "",
          "minRepeatable": "",
          "maxRepeatable": ""
        },
        "1658757810782": {
          "show_in_rest": true,
          "show_in_graphql": true,
          "type": "text",
          "id": "1658757810782",
          "position": 50000,
          "name": "Store Logo",
          "slug": "storeLogo",
          "isRepeatable": false,
          "inputType": "single",
          "required": false,
          "description": "",
          "minChars": "",
          "maxChars": "",
          "minRepeatable": "",
          "maxRepeatable": ""
        },
        "1658757834775": {
          "show_in_rest": true,
          "show_in_graphql": true,
          "type": "text",
          "id": "1658757834775",
          "position": 60000,
          "name": "Store Domain",
          "slug": "storeDomain",
          "isRepeatable": false,
          "inputType": "single",
          "required": false,
          "description": "",
          "minChars": "",
          "maxChars": "",
          "minRepeatable": "",
          "maxRepeatable": ""
        },
        "1658759594769": {
          "show_in_rest": true,
          "show_in_graphql": true,
          "type": "text",
          "id": "1658759594769",
          "position": 0,
          "name": "Store ID",
          "slug": "storeID",
          "isRepeatable": false,
          "inputType": "single",
          "required": false,
          "description": "",
          "minChars": "",
          "maxChars": "",
          "minRepeatable": "",
          "maxRepeatable": ""
        },
        "1659729399954": {
          "show_in_rest": true,
          "show_in_graphql": true,
          "type": "text",
          "id": "1659729399954",
          "position": "70000",
          "name": "Store Primary Color",
          "slug": "storePrimaryColor",
          "isRepeatable": false,
          "inputType": "single",
          "required": false,
          "description": "",
          "minChars": "",
          "maxChars": "",
          "minRepeatable": "",
          "maxRepeatable": ""
        },
        "1659729414582": {
          "show_in_rest": true,
          "show_in_graphql": true,
          "type": "text",
          "id": "1659729414582",
          "position": "80000",
          "name": "Store Secondary Color",
          "slug": "storeSecondaryColor",
          "isRepeatable": false,
          "inputType": "single",
          "required": false,
          "description": "",
          "minChars": "",
          "maxChars": "",
          "minRepeatable": "",
          "maxRepeatable": ""
        },
        "1660128318853": {
          "show_in_rest": true,
          "show_in_graphql": true,
          "type": "text",
          "id": "1660128318853",
          "position": "90000",
          "name": "Notification Banner",
          "slug": "notificationBanner",
          "isRepeatable": false,
          "inputType": "multi",
          "required": false,
          "description": "",
          "minChars": "",
          "maxChars": "",
          "minRepeatable": "",
          "maxRepeatable": ""
        }
      },
      "with_front": "1"
    },
    "banner": {
      "show_in_rest": true,
      "show_in_graphql": true,
      "singular": "Banner",
      "plural": "Banners",
      "slug": "banner",
      "api_visibility": "public",
      "model_icon": "dashicons-megaphone",
      "description": "These notification banners will be displayed on your headless site.",
      "fields": {
        "1660218754657": {
          "show_in_rest": true,
          "show_in_graphql": true,
          "type": "text",
          "id": "1660218754657",
          "position": "0",
          "name": "Name",
          "slug": "name",
          "isRepeatable": false,
          "isTitle": true,
          "inputType": "single",
          "required": false,
          "description": "",
          "minChars": "",
          "maxChars": "",
          "minRepeatable": "",
          "maxRepeatable": ""
        },
        "1660218764844": {
          "show_in_rest": true,
          "show_in_graphql": true,
          "type": "richtext",
          "id": "1660218764844",
          "position": "10000",
          "name": "Content",
          "slug": "content",
          "description": "",
          "minChars": "",
          "maxChars": "",
          "minRepeatable": "",
          "maxRepeatable": "",
          "isRepeatableRichText": false
        },
        "1660218773724": {
          "show_in_rest": true,
          "show_in_graphql": true,
          "type": "text",
          "id": "1660218773724",
          "position": "20000",
          "name": "Background Color",
          "slug": "backgroundColor",
          "isRepeatable": false,
          "inputType": "single",
          "required": false,
          "description": "",
          "minChars": "",
          "maxChars": "",
          "minRepeatable": "",
          "maxRepeatable": ""
        },
        "1660218786174": {
          "show_in_rest": true,
          "show_in_graphql": true,
          "type": "text",
          "id": "1660218786174",
          "position": "30000",
          "name": "Font Color",
          "slug": "fontColor",
          "isRepeatable": false,
          "inputType": "single",
          "required": false,
          "description": "",
          "minChars": "",
          "maxChars": "",
          "minRepeatable": "",
          "maxRepeatable": ""
        }
      }
    },
    "productoptionvalue": {
      "show_in_rest": true,
      "show_in_graphql": true,
      "singular": "Product Option Value",
      "plural": "Product Option Values",
      "slug": "productoptionvalue",
      "api_visibility": "public",
      "model_icon": "dashicons-admin-post",
      "description": "",
      "fields": {
        "1665065409253": {
          "show_in_rest": true,
          "show_in_graphql": true,
          "type": "number",
          "id": "1665065409253",
          "position": "0",
          "name": "Option Value ID",
          "slug": "optionValueID",
          "isRepeatableNumber": false,
          "numberType": "integer",
          "required": true,
          "description": "",
          "minValue": "",
          "maxValue": "",
          "step": ""
        },
        "1665065434249": {
          "show_in_rest": true,
          "show_in_graphql": true,
          "type": "text",
          "id": "1665065434249",
          "position": "10000",
          "name": "Option Value Name",
          "slug": "optionValueName",
          "isRepeatable": false,
          "isTitle": false,
          "inputType": "single",
          "required": false,
          "description": "",
          "minChars": "",
          "maxChars": "",
          "minRepeatable": "",
          "maxRepeatable": ""
        },
        "1665065507498": {
          "show_in_rest": true,
          "show_in_graphql": true,
          "type": "number",
          "id": "1665065507498",
          "position": "20000",
          "name": "Parent Option ID",
          "slug": "parentOptionID",
          "required": false,
          "description": "",
          "minChars": "",
          "maxChars": "",
          "minRepeatable": "",
          "maxRepeatable": "",
          "isRepeatableNumber": false,
          "numberType": "integer",
          "minValue": "",
          "maxValue": "",
          "step": ""
        },
        "1665065550474": {
          "show_in_rest": true,
          "show_in_graphql": true,
          "type": "text",
          "id": "1665065550474",
          "position": "30000",
          "name": "Parent Option Display Name",
          "slug": "parentOptionDisplayName",
          "isRepeatable": false,
          "isTitle": false,
          "inputType": "single",
          "required": false,
          "description": "",
          "minChars": "",
          "maxChars": "",
          "minRepeatable": "",
          "maxRepeatable": ""
        },
        "1665065600370": {
          "show_in_rest": true,
          "show_in_graphql": true,
          "type": "text",
          "id": "1665065600370",
          "position": "40000",
          "name": "json",
          "slug": "json",
          "isRepeatable": false,
          "isTitle": false,
          "inputType": "single",
          "required": false,
          "description": "",
          "minChars": "",
          "maxChars": "",
          "minRepeatable": "",
          "maxRepeatable": ""
        }
      }
    },
    "bccustomfield": {
      "show_in_rest": true,
      "show_in_graphql": true,
      "singular": "BC Custom Field",
      "plural": "BC Custom Fields",
      "slug": "bccustomfield",
      "api_visibility": "public",
      "model_icon": "dashicons-admin-post",
      "description": "",
      "fields": {
        "1667854475315": {
          "show_in_rest": true,
          "show_in_graphql": true,
          "type": "number",
          "id": "1667854475315",
          "position": "0",
          "name": "bcFieldID",
          "slug": "bcFieldID",
          "isRepeatableNumber": false,
          "numberType": "integer",
          "required": true,
          "description": "",
          "minValue": "",
          "maxValue": "",
          "step": ""
        },
        "1667854511100": {
          "show_in_rest": true,
          "show_in_graphql": true,
          "type": "text",
          "id": "1667854511100",
          "position": "10000",
          "name": "name",
          "slug": "name",
          "isRepeatable": false,
          "isTitle": true,
          "inputType": "single",
          "required": true,
          "description": "",
          "minChars": "",
          "maxChars": "",
          "minRepeatable": "",
          "maxRepeatable": ""
        },
        "1667854520459": {
          "show_in_rest": true,
          "show_in_graphql": true,
          "type": "text",
          "id": "1667854520459",
          "position": "20000",
          "name": "value",
          "slug": "value",
          "isRepeatable": false,
          "inputType": "single",
          "required": true,
          "description": "",
          "minChars": "",
          "maxChars": "",
          "minRepeatable": "",
          "maxRepeatable": ""
        },
        "1667854556517": {
          "show_in_rest": true,
          "show_in_graphql": true,
          "type": "text",
          "id": "1667854556517",
          "position": "30000",
          "name": "json",
          "slug": "json",
          "isRepeatable": false,
          "inputType": "single",
          "required": false,
          "description": "",
          "minChars": "",
          "maxChars": "",
          "minRepeatable": "",
          "maxRepeatable": ""
        }
      }
    },
    "video": {
      "show_in_rest": true,
      "show_in_graphql": true,
      "singular": "Video",
      "plural": "Videos",
      "slug": "video",
      "api_visibility": "public",
      "model_icon": "dashicons-admin-post",
      "description": "",
      "fields": {
        "1673411866253": {
          "show_in_rest": true,
          "show_in_graphql": true,
          "type": "text",
          "id": "1673411866253",
          "position": "0",
          "name": "Title",
          "slug": "title",
          "isRepeatable": false,
          "isTitle": true,
          "inputType": "single",
          "required": false,
          "description": "",
          "minChars": "",
          "maxChars": "",
          "minRepeatable": "",
          "maxRepeatable": ""
        },
        "1673411982563": {
          "show_in_rest": true,
          "show_in_graphql": true,
          "type": "text",
          "id": "1673411982563",
          "position": "10000",
          "name": "Description",
          "slug": "description",
          "isRepeatable": false,
          "inputType": "multi",
          "required": false,
          "description": "",
          "minChars": "",
          "maxChars": "",
          "minRepeatable": "",
          "maxRepeatable": ""
        },
        "1673412030962": {
          "show_in_rest": true,
          "show_in_graphql": true,
          "type": "number",
          "id": "1673412030962",
          "position": "20000",
          "name": "Sort Order",
          "slug": "sortOrder",
          "required": false,
          "description": "",
          "minChars": "",
          "maxChars": "",
          "minRepeatable": "",
          "maxRepeatable": "",
          "isRepeatableNumber": false,
          "numberType": "integer",
          "minValue": "",
          "maxValue": "",
          "step": ""
        },
        "1673412072923": {
          "show_in_rest": true,
          "show_in_graphql": true,
          "type": "text",
          "id": "1673412072923",
          "position": "30000",
          "name": "Type",
          "slug": "type",
          "isRepeatable": false,
          "inputType": "single",
          "required": false,
          "description": "",
          "minChars": "",
          "maxChars": "",
          "minRepeatable": "",
          "maxRepeatable": ""
        },
        "1673412092852": {
          "show_in_rest": true,
          "show_in_graphql": true,
          "type": "text",
          "id": "1673412092852",
          "position": "40000",
          "name": "Host Video ID",
          "slug": "hostVideoID",
          "isRepeatable": false,
          "inputType": "single",
          "required": true,
          "description": "",
          "minChars": "",
          "maxChars": "",
          "minRepeatable": "",
          "maxRepeatable": ""
        },
        "1673412164316": {
          "show_in_rest": true,
          "show_in_graphql": true,
          "type": "number",
          "id": "1673412164316",
          "position": "50000",
          "name": "Video ID",
          "slug": "videoID",
          "required": true,
          "description": "",
          "minChars": "",
          "maxChars": "",
          "minRepeatable": "",
          "maxRepeatable": "",
          "isRepeatableNumber": false,
          "numberType": "integer",
          "minValue": "",
          "maxValue": "",
          "step": ""
        },
        "1673412341454": {
          "show_in_rest": true,
          "show_in_graphql": true,
          "type": "number",
          "id": "1673412341454",
          "position": "60000",
          "name": "Product ID",
          "slug": "productID",
          "required": true,
          "description": "",
          "minChars": "",
          "maxChars": "",
          "minRepeatable": "",
          "maxRepeatable": "",
          "isRepeatableNumber": false,
          "numberType": "integer",
          "minValue": "",
          "maxValue": "",
          "step": ""
        },
        "1673412384542": {
          "show_in_rest": true,
          "show_in_graphql": true,
          "type": "text",
          "id": "1673412384542",
          "position": "70000",
          "name": "Length",
          "slug": "length",
          "isRepeatable": false,
          "inputType": "single",
          "required": false,
          "description": "",
          "minChars": "",
          "maxChars": "",
          "minRepeatable": "",
          "maxRepeatable": ""
        }
      }
    }
  },
  "taxonomies": [],
  "posts": {
    "11438": {
      "ID": 11438,
      "post_author": "2",
      "post_date": "2023-01-10 16:37:59",
      "post_date_gmt": "2023-01-10 11:52:34",
      "post_content": "",
      "post_title": "My Account",
      "post_excerpt": "",
      "post_status": "publish",
      "comment_status": "closed",
      "ping_status": "closed",
      "post_password": "",
      "post_name": "my-account",
      "to_ping": "",
      "pinged": "",
      "post_modified": "2023-01-10 16:37:59",
      "post_modified_gmt": "2023-01-10 16:37:59",
      "post_content_filtered": "",
      "post_parent": 0,
      "menu_order": 5,
      "post_type": "nav_menu_item",
      "post_mime_type": "",
      "comment_count": "0",
      "filter": "raw",
      "ancestors": [],
      "page_template": "",
      "post_category": [],
      "tags_input": []
    },
    "11439": {
      "ID": 11439,
      "post_author": "2",
      "post_date": "2023-01-10 16:37:59",
      "post_date_gmt": "2023-01-10 11:52:34",
      "post_content": "",
      "post_title": "Docs",
      "post_excerpt": "",
      "post_status": "publish",
      "comment_status": "closed",
      "ping_status": "closed",
      "post_password": "",
      "post_name": "docs",
      "to_ping": "",
      "pinged": "",
      "post_modified": "2023-01-10 16:37:59",
      "post_modified_gmt": "2023-01-10 16:37:59",
      "post_content_filtered": "",
      "post_parent": 0,
      "menu_order": 4,
      "post_type": "nav_menu_item",
      "post_mime_type": "",
      "comment_count": "0",
      "filter": "raw",
      "ancestors": [],
      "page_template": "",
      "post_category": [],
      "tags_input": []
    },
    "11443": {
      "ID": 11443,
      "post_author": "2",
      "post_date": "2023-01-10 16:37:59",
      "post_date_gmt": "2023-01-10 11:52:35",
      "post_content": " ",
      "post_title": "",
      "post_excerpt": "",
      "post_status": "publish",
      "comment_status": "closed",
      "ping_status": "closed",
      "post_password": "",
      "post_name": "11443",
      "to_ping": "",
      "pinged": "",
      "post_modified": "2023-01-10 16:37:59",
      "post_modified_gmt": "2023-01-10 16:37:59",
      "post_content_filtered": "",
      "post_parent": 0,
      "menu_order": 2,
      "post_type": "nav_menu_item",
      "post_mime_type": "",
      "comment_count": "0",
      "filter": "raw",
      "ancestors": [],
      "page_template": "",
      "post_category": [],
      "tags_input": []
    },
    "11444": {
      "ID": 11444,
      "post_author": "2",
      "post_date": "2023-01-10 16:37:59",
      "post_date_gmt": "2023-01-10 11:52:35",
      "post_content": " ",
      "post_title": "",
      "post_excerpt": "",
      "post_status": "publish",
      "comment_status": "closed",
      "ping_status": "closed",
      "post_password": "",
      "post_name": "11444",
      "to_ping": "",
      "pinged": "",
      "post_modified": "2023-01-10 16:37:59",
      "post_modified_gmt": "2023-01-10 16:37:59",
      "post_content_filtered": "",
      "post_parent": 0,
      "menu_order": 1,
      "post_type": "nav_menu_item",
      "post_mime_type": "",
      "comment_count": "0",
      "filter": "raw",
      "ancestors": [],
      "page_template": "",
      "post_category": [],
      "tags_input": []
    },
    "11445": {
      "ID": 11445,
      "post_author": "2",
      "post_date": "2023-01-10 16:37:59",
      "post_date_gmt": "2023-01-10 11:52:35",
      "post_content": " ",
      "post_title": "",
      "post_excerpt": "",
      "post_status": "publish",
      "comment_status": "closed",
      "ping_status": "closed",
      "post_password": "",
      "post_name": "11445",
      "to_ping": "",
      "pinged": "",
      "post_modified": "2023-01-10 16:37:59",
      "post_modified_gmt": "2023-01-10 16:37:59",
      "post_content_filtered": "",
      "post_parent": 0,
      "menu_order": 3,
      "post_type": "nav_menu_item",
      "post_mime_type": "",
      "comment_count": "0",
      "filter": "raw",
      "ancestors": [],
      "page_template": "",
      "post_category": [],
      "tags_input": []
    },
    "4738": {
      "ID": 4738,
      "post_author": "1",
      "post_date": "2022-11-01 15:55:16",
      "post_date_gmt": "2022-11-01 15:55:16",
      "post_content": "",
      "post_title": "Search",
      "post_excerpt": "",
      "post_status": "publish",
      "comment_status": "closed",
      "ping_status": "closed",
      "post_password": "",
      "post_name": "search",
      "to_ping": "",
      "pinged": "",
      "post_modified": "2022-11-01 15:55:16",
      "post_modified_gmt": "2022-11-01 15:55:16",
      "post_content_filtered": "",
      "post_parent": 0,
      "menu_order": 0,
      "post_type": "page",
      "post_mime_type": "",
      "comment_count": "0",
      "filter": "raw",
      "ancestors": [],
      "page_template": "",
      "post_category": [],
      "tags_input": []
    },
    "53": {
      "ID": 53,
      "post_author": "1",
      "post_date": "2022-09-12 13:59:30",
      "post_date_gmt": "2022-09-12 13:59:30",
      "post_content": "<!-- wp:atlas-commerce-blocks/hero {\"mediaID\":30741,\"mediaURL\":\"https://atlascommerce.wpengine.com/wp-content/uploads/2022/12/blueprint-banner-scaled-1.jpg\"} -->\n<div class=\"wp-block-atlas-commerce-blocks-hero backgroundColor wp-block-genesis-blocks-gb-columns eso-spend-section-shop-header gb-layout-columns-2 gb-2-col-wideleft gb-has-background-dim gb-has-background-dim-30 gb-background-cover gb-background-no-repeat gb-has-custom-background-color gb-columns-center alignfull has-107-f-67-background-color has-background\" style=\"padding-top:8%;padding-right:0;padding-bottom:8%;padding-left:0;background-color:#107f67;background-size:cover;background-image:url(https://atlascommerce.wpengine.com/wp-content/uploads/2022/12/blueprint-banner-scaled-1.jpg)\" data-image-url=\"https://atlascommerce.wpengine.com/wp-content/uploads/2022/12/blueprint-banner-scaled-1.jpg\" data-background-color=\"#107f67\"><div id=\"atlas-commerce-blocks-hero\" class=\"container\"><div class=\"gb-layout-column-wrap gb-block-layout-column-gap-2 gb-is-responsive-column\"><div class=\"wp-block-genesis-blocks-gb-column gb-block-layout-column\"><div class=\"card gb-block-layout-column-inner has-eso-white-background-color\" style=\"padding:2em;background-color:#ffffff\"><span class=\"innerCardColor\" data-innercard-color=\"#ffffff\"></span><!-- wp:heading {\"placeholder\":\"Write your heading here...\"} -->\n<h2>Atlas Commerce Blueprint</h2>\n<!-- /wp:heading -->\n\n<!-- wp:paragraph {\"placeholder\":\"Add your copy here...\"} -->\n<p>Build your headless WordPress &amp; BigCommerce store with <br>Atlas Commerce Blocks and <a href=\"https://faustjs.org/\" data-type=\"URL\" data-id=\"https://faustjs.org/\" target=\"_blank\" rel=\"noreferrer noopener\">Faust.js</a></p>\n<!-- /wp:paragraph -->\n\n<!-- wp:button {\"placeholder\":\"Enter button text...\",\"style\":{\"color\":{\"background\":\"#2a3533\",\"text\":\"#eeeeeeed\"}}} -->\n<div class=\"wp-block-button\"><a class=\"wp-block-button__link has-text-color has-background wp-element-button\" href=\"http://shop/\" style=\"color:#eeeeeeed;background-color:#2a3533\">Shop Now</a></div>\n<!-- /wp:button --></div></div></div></div></div>\n<!-- /wp:atlas-commerce-blocks/hero -->\n\n<!-- wp:atlas-commerce-blocks/products /-->\n\n<!-- wp:atlas-commerce-blocks/container {\"style\":{\"color\":{\"background\":\"#eeeeeeed\"}}} -->\n<div class=\"wp-block-atlas-commerce-blocks-container has-background\" style=\"background-color:#eeeeeeed\"><div class=\"container\"><!-- wp:spacer {\"height\":\"80px\"} -->\n<div style=\"height:80px\" aria-hidden=\"true\" class=\"wp-block-spacer\"></div>\n<!-- /wp:spacer -->\n\n<!-- wp:heading {\"textAlign\":\"center\",\"style\":{\"typography\":{\"fontSize\":\"50px\"}},\"textColor\":\"black\"} -->\n<h2 class=\"has-text-align-center has-black-color has-text-color\" style=\"font-size:50px\">Customer Testimonials</h2>\n<!-- /wp:heading -->\n\n<!-- wp:spacer {\"height\":\"80px\"} -->\n<div style=\"height:80px\" aria-hidden=\"true\" class=\"wp-block-spacer\"></div>\n<!-- /wp:spacer -->\n\n<!-- wp:columns -->\n<div class=\"wp-block-columns\"><!-- wp:column -->\n<div class=\"wp-block-column\"><!-- wp:image {\"sizeSlug\":\"large\"} -->\n<figure class=\"wp-block-image size-large\"><img src=\"https://demo.studiopress.com/page-builder/spend/eso_spend_customer_testimonial_1.jpg\" alt=\"\"/></figure>\n<!-- /wp:image -->\n\n<!-- wp:paragraph -->\n<p>This team took my product from an idea to a reality in record time. Not only were they easy to work with, but the design they came up with was better than I could have even asked for.</p>\n<!-- /wp:paragraph -->\n\n<!-- wp:paragraph -->\n<p><strong>Anne Alpine / Nature First</strong></p>\n<!-- /wp:paragraph --></div>\n<!-- /wp:column -->\n\n<!-- wp:column -->\n<div class=\"wp-block-column\"><!-- wp:image {\"sizeSlug\":\"large\"} -->\n<figure class=\"wp-block-image size-large\"><img src=\"https://demo.studiopress.com/page-builder/spend/eso_spend_customer_testimonial_2.jpg\" alt=\"\"/></figure>\n<!-- /wp:image -->\n\n<!-- wp:paragraph -->\n<p>This team took my product from an idea to a reality in record time. Not only were they easy to work with, but the design they came up with was better than I could have even asked for.</p>\n<!-- /wp:paragraph -->\n\n<!-- wp:paragraph -->\n<p><strong>Riley Glacier / Snap Crackle</strong></p>\n<!-- /wp:paragraph --></div>\n<!-- /wp:column --></div>\n<!-- /wp:columns -->\n\n<!-- wp:spacer {\"height\":\"90px\"} -->\n<div style=\"height:90px\" aria-hidden=\"true\" class=\"wp-block-spacer\"></div>\n<!-- /wp:spacer --></div></div>\n<!-- /wp:atlas-commerce-blocks/container -->\n\n<!-- wp:atlas-commerce-blocks/products {\"productBlockType\":\"sale\"} /-->\n\n<!-- wp:block {\"ref\":30558} /-->",
      "post_title": "Home",
      "post_excerpt": "",
      "post_status": "publish",
      "comment_status": "closed",
      "ping_status": "closed",
      "post_password": "",
      "post_name": "home",
      "to_ping": "",
      "pinged": "",
      "post_modified": "2023-01-10 18:04:19",
      "post_modified_gmt": "2023-01-10 18:04:19",
      "post_content_filtered": "",
      "post_parent": 0,
      "menu_order": 0,
      "post_type": "page",
      "post_mime_type": "",
      "comment_count": "0",
      "filter": "raw",
      "ancestors": [],
      "page_template": "blocks.php",
      "post_category": [],
      "tags_input": []
    },
    "55": {
      "ID": 55,
      "post_author": "1",
      "post_date": "2022-09-12 13:59:30",
      "post_date_gmt": "2022-09-12 13:59:30",
      "post_content": "<!-- wp:atlas-commerce-blocks/container {\"style\":{\"color\":{\"background\":\"#107f67\"}}} -->\n<div class=\"wp-block-atlas-commerce-blocks-container has-background\" style=\"background-color:#107f67\"><div class=\"container\"><!-- wp:spacer -->\n<div style=\"height:100px\" aria-hidden=\"true\" class=\"wp-block-spacer\"></div>\n<!-- /wp:spacer -->\n\n<!-- wp:heading {\"style\":{\"typography\":{\"fontSize\":50}},\"textColor\":\"white\",\"className\":\"has-text-align-center .wc-block-featured-category__title\"} -->\n<h2 class=\"has-text-align-center .wc-block-featured-category__title has-white-color has-text-color\" style=\"font-size:50px\">Shop Information</h2>\n<!-- /wp:heading -->\n\n<!-- wp:paragraph {\"align\":\"center\"} -->\n<p class=\"has-text-align-center\">Learn about our shop details and policies.</p>\n<!-- /wp:paragraph -->\n\n<!-- wp:html -->\n<iframe title=\"Our Location\" src=\"https://www.google.com/maps/embed?pb=!1m18!1m12!1m3!1d3470.5670865756474!2d-95.09152774886842!3d29.558099181973784!2m3!1f0!2f0!3f0!3m2!1i1024!2i768!4f13.1!3m3!1m2!1s0x86409da671292593%3A0xf684f098a7237a30!2sNASA+Mission+Control+Center!5e0!3m2!1sen!2sus!4v1560875318343!5m2!1sen!2sus\" width=\"100%\" height=\"560\" frameborder=\"0\" style=\"border:0\" allowfullscreen=\"\"></iframe>\n<!-- /wp:html -->\n\n<!-- wp:spacer -->\n<div style=\"height:100px\" aria-hidden=\"true\" class=\"wp-block-spacer\"></div>\n<!-- /wp:spacer -->\n\n<!-- wp:columns -->\n<div class=\"wp-block-columns\"><!-- wp:column -->\n<div class=\"wp-block-column\"><!-- wp:heading {\"textAlign\":\"center\",\"level\":3,\"style\":{\"typography\":{\"fontSize\":22}}} -->\n<h3 class=\"has-text-align-center\" style=\"font-size:22px\">Address</h3>\n<!-- /wp:heading -->\n\n<!-- wp:paragraph {\"align\":\"center\",\"style\":{\"typography\":{\"fontSize\":18}}} -->\n<p class=\"has-text-align-center\" style=\"font-size:18px\">Startup Square<br>123 Block Ave<br>Austin, Texas 36521</p>\n<!-- /wp:paragraph --></div>\n<!-- /wp:column -->\n\n<!-- wp:column -->\n<div class=\"wp-block-column\"><!-- wp:heading {\"textAlign\":\"center\",\"level\":3,\"style\":{\"typography\":{\"fontSize\":22}}} -->\n<h3 class=\"has-text-align-center\" style=\"font-size:22px\">Store Hours</h3>\n<!-- /wp:heading -->\n\n<!-- wp:paragraph {\"align\":\"center\",\"style\":{\"typography\":{\"fontSize\":18}}} -->\n<p class=\"has-text-align-center\" style=\"font-size:18px\">Mon-Fri: 8am - 5pm<br>Sat: 8am 9pm<br>Sun: 8am - 2pm</p>\n<!-- /wp:paragraph --></div>\n<!-- /wp:column -->\n\n<!-- wp:column -->\n<div class=\"wp-block-column\"><!-- wp:heading {\"textAlign\":\"center\",\"level\":3,\"style\":{\"typography\":{\"fontSize\":22}}} -->\n<h3 class=\"has-text-align-center\" style=\"font-size:22px\">Contact</h3>\n<!-- /wp:heading -->\n\n<!-- wp:paragraph {\"align\":\"center\",\"style\":{\"typography\":{\"fontSize\":18}}} -->\n<p class=\"has-text-align-center\" style=\"font-size:18px\">Tel: 514-281-3821<br>Fax: 514-281-5210<br>sales@example.com </p>\n<!-- /wp:paragraph --></div>\n<!-- /wp:column --></div>\n<!-- /wp:columns -->\n\n<!-- wp:spacer -->\n<div style=\"height:100px\" aria-hidden=\"true\" class=\"wp-block-spacer\"></div>\n<!-- /wp:spacer --></div></div>\n<!-- /wp:atlas-commerce-blocks/container -->\n\n<!-- wp:spacer -->\n<div style=\"height:100px\" aria-hidden=\"true\" class=\"wp-block-spacer\"></div>\n<!-- /wp:spacer -->\n\n<!-- wp:atlas-commerce-blocks/container -->\n<div class=\"wp-block-atlas-commerce-blocks-container\"><div class=\"container\"><!-- wp:heading {\"textAlign\":\"center\"} -->\n<h2 class=\"has-text-align-center\">Frequently Asked Questions</h2>\n<!-- /wp:heading -->\n\n<!-- wp:columns -->\n<div class=\"wp-block-columns\"><!-- wp:column -->\n<div class=\"wp-block-column\"><!-- wp:heading {\"level\":3,\"style\":{\"typography\":{\"fontSize\":24}}} -->\n<h3 style=\"font-size:24px\">1. Are you currently hiring?</h3>\n<!-- /wp:heading -->\n\n<!-- wp:paragraph -->\n<p>We are currently hiring for design and development roles. Please reach out to us at jobs@theawesomecreative.com for info!</p>\n<!-- /wp:paragraph -->\n\n<!-- wp:heading {\"level\":3,\"style\":{\"typography\":{\"fontSize\":24}}} -->\n<h3 style=\"font-size:24px\">2. What are your working hours?</h3>\n<!-- /wp:heading -->\n\n<!-- wp:paragraph -->\n<p>We work 9am-6pm, Monday through Friday. Our support reps are available throughout the whole weekend.</p>\n<!-- /wp:paragraph --></div>\n<!-- /wp:column -->\n\n<!-- wp:column -->\n<div class=\"wp-block-column\"><!-- wp:heading {\"level\":3,\"style\":{\"typography\":{\"fontSize\":24}}} -->\n<h3 style=\"font-size:24px\">3. Are you accepting new clients?</h3>\n<!-- /wp:heading -->\n\n<!-- wp:paragraph -->\n<p>We\u2019re always looking for the opportunity to work on new and exciting products. Send us your project today!</p>\n<!-- /wp:paragraph -->\n\n<!-- wp:heading {\"level\":3,\"style\":{\"typography\":{\"fontSize\":24}}} -->\n<h3 style=\"font-size:24px\">4. Do you provide discounts?</h3>\n<!-- /wp:heading -->\n\n<!-- wp:paragraph -->\n<p>Our work is priced according to the amount of work and value we provide on delivery. Discounts aren\u2019t necessary.</p>\n<!-- /wp:paragraph --></div>\n<!-- /wp:column --></div>\n<!-- /wp:columns -->\n\n<!-- wp:spacer -->\n<div style=\"height:100px\" aria-hidden=\"true\" class=\"wp-block-spacer\"></div>\n<!-- /wp:spacer --></div></div>\n<!-- /wp:atlas-commerce-blocks/container -->\n\n<!-- wp:atlas-commerce-blocks/container {\"style\":{\"color\":{\"background\":\"#eeeeeeed\"}}} -->\n<div class=\"wp-block-atlas-commerce-blocks-container has-background\" style=\"background-color:#eeeeeeed\"><div class=\"container\"><!-- wp:spacer -->\n<div style=\"height:100px\" aria-hidden=\"true\" class=\"wp-block-spacer\"></div>\n<!-- /wp:spacer -->\n\n<!-- wp:columns -->\n<div class=\"wp-block-columns\"><!-- wp:column -->\n<div class=\"wp-block-column\"><!-- wp:heading -->\n<h2>Returning Your Product</h2>\n<!-- /wp:heading -->\n\n<!-- wp:paragraph -->\n<p>Returning your product is really easy to do. We accept returns up to 30 days after your original purchase. Simply visit the contact page and fill out a return request and we'll process your return as soon as we receive the product.</p>\n<!-- /wp:paragraph -->\n\n<!-- wp:list -->\n<ul><!-- wp:list-item -->\n<li>Visit the Contact page and fill out the Return Request Form.</li>\n<!-- /wp:list-item -->\n\n<!-- wp:list-item -->\n<li>Send your product back to us.</li>\n<!-- /wp:list-item -->\n\n<!-- wp:list-item -->\n<li>We'll process the return asap!</li>\n<!-- /wp:list-item --></ul>\n<!-- /wp:list --></div>\n<!-- /wp:column -->\n\n<!-- wp:column -->\n<div class=\"wp-block-column\"><!-- wp:heading -->\n<h2>Exchanging Your Product</h2>\n<!-- /wp:heading -->\n\n<!-- wp:paragraph -->\n<p>Alternatively, you can exchange your product for a different product or for store credit. The process is simple. Simply visit the contact page and fill out an exchange request and we'll process your exchange as soon as we receive the product.</p>\n<!-- /wp:paragraph -->\n\n<!-- wp:list -->\n<ul><!-- wp:list-item -->\n<li>Visit the Contact page and fill out the Exchange Request Form.</li>\n<!-- /wp:list-item -->\n\n<!-- wp:list-item -->\n<li>Send your product back to us.</li>\n<!-- /wp:list-item -->\n\n<!-- wp:list-item -->\n<li>We'll process the return asap!</li>\n<!-- /wp:list-item --></ul>\n<!-- /wp:list --></div>\n<!-- /wp:column --></div>\n<!-- /wp:columns -->\n\n<!-- wp:spacer -->\n<div style=\"height:100px\" aria-hidden=\"true\" class=\"wp-block-spacer\"></div>\n<!-- /wp:spacer --></div></div>\n<!-- /wp:atlas-commerce-blocks/container -->\n\n<!-- wp:spacer -->\n<div style=\"height:100px\" aria-hidden=\"true\" class=\"wp-block-spacer\"></div>\n<!-- /wp:spacer -->\n\n<!-- wp:atlas-commerce-blocks/container -->\n<div class=\"wp-block-atlas-commerce-blocks-container\"><div class=\"container\"><!-- wp:columns -->\n<div class=\"wp-block-columns\"><!-- wp:column -->\n<div class=\"wp-block-column\"><!-- wp:heading {\"textAlign\":\"center\",\"level\":3} -->\n<h3 class=\"has-text-align-center\">Free Shipping</h3>\n<!-- /wp:heading -->\n\n<!-- wp:paragraph {\"align\":\"center\"} -->\n<p class=\"has-text-align-center\">We offer free domestic shipping with orders over $99. Just select the Standard Shipping option at checkout to redeem the free shipping.</p>\n<!-- /wp:paragraph --></div>\n<!-- /wp:column -->\n\n<!-- wp:column -->\n<div class=\"wp-block-column\"><!-- wp:heading {\"textAlign\":\"center\",\"level\":3} -->\n<h3 class=\"has-text-align-center\">Secure Checkout</h3>\n<!-- /wp:heading -->\n\n<!-- wp:paragraph {\"align\":\"center\"} -->\n<p class=\"has-text-align-center\">Our checkout process is one of the most secure in the business. We offer secure checkout via Stripe and PayPal for your shopping convenience.</p>\n<!-- /wp:paragraph --></div>\n<!-- /wp:column -->\n\n<!-- wp:column -->\n<div class=\"wp-block-column\"><!-- wp:heading {\"textAlign\":\"center\",\"level\":3} -->\n<h3 class=\"has-text-align-center\">Product Warranty</h3>\n<!-- /wp:heading -->\n\n<!-- wp:paragraph {\"align\":\"center\"} -->\n<p class=\"has-text-align-center\">We stand behind everything we do! If you're not satisfied with our products, visit the Contact page and let us know what we can do for you.</p>\n<!-- /wp:paragraph --></div>\n<!-- /wp:column --></div>\n<!-- /wp:columns -->\n\n<!-- wp:spacer -->\n<div style=\"height:100px\" aria-hidden=\"true\" class=\"wp-block-spacer\"></div>\n<!-- /wp:spacer --></div></div>\n<!-- /wp:atlas-commerce-blocks/container -->",
      "post_title": "About",
      "post_excerpt": "",
      "post_status": "publish",
      "comment_status": "closed",
      "ping_status": "closed",
      "post_password": "",
      "post_name": "about",
      "to_ping": "",
      "pinged": "",
      "post_modified": "2022-09-12 13:59:30",
      "post_modified_gmt": "2022-09-12 13:59:30",
      "post_content_filtered": "",
      "post_parent": 0,
      "menu_order": 0,
      "post_type": "page",
      "post_mime_type": "",
      "comment_count": "0",
      "filter": "raw",
      "ancestors": [],
      "page_template": "blocks.php",
      "post_category": [],
      "tags_input": []
    },
    "9": {
      "ID": 9,
      "post_author": "1",
      "post_date": "2022-09-12 13:48:05",
      "post_date_gmt": "2022-09-12 13:48:05",
      "post_content": "<!-- wp:block {\"ref\":11433} /-->",
      "post_title": "Shop",
      "post_excerpt": "",
      "post_status": "publish",
      "comment_status": "closed",
      "ping_status": "closed",
      "post_password": "",
      "post_name": "shop",
      "to_ping": "",
      "pinged": "",
      "post_modified": "2022-09-12 13:48:05",
      "post_modified_gmt": "2022-09-12 13:48:05",
      "post_content_filtered": "",
      "post_parent": 0,
      "menu_order": 0,
      "post_type": "page",
      "post_mime_type": "",
      "comment_count": "0",
      "filter": "raw",
      "ancestors": [],
      "page_template": "",
      "post_category": [],
      "tags_input": []
    },
    "12424": {
      "ID": 12424,
      "post_author": "3",
      "post_date": "2023-01-13 17:13:54",
      "post_date_gmt": "0000-00-00 00:00:00",
      "post_content": "",
      "post_title": "",
      "post_excerpt": "",
      "post_status": "publish",
      "comment_status": "closed",
      "ping_status": "closed",
      "post_password": "",
      "post_name": "",
      "to_ping": "",
      "pinged": "",
      "post_modified": "2023-01-13 17:13:54",
      "post_modified_gmt": "0000-00-00 00:00:00",
      "post_content_filtered": "",
      "post_parent": 0,
      "menu_order": 0,
      "post_type": "storesetting",
      "post_mime_type": "",
      "comment_count": "0",
      "filter": "raw",
      "ancestors": [],
      "page_template": "",
      "post_category": [],
      "tags_input": []
    },
    "203": {
      "ID": 203,
      "post_author": "1",
      "post_date": "2022-09-12 17:00:16",
      "post_date_gmt": "2022-09-12 17:00:16",
      "post_content": "",
      "post_title": "Sale Banner",
      "post_excerpt": "",
      "post_status": "publish",
      "comment_status": "closed",
      "ping_status": "closed",
      "post_password": "",
      "post_name": "sale-banner",
      "to_ping": "",
      "pinged": "",
      "post_modified": "2022-09-12 17:00:16",
      "post_modified_gmt": "2022-09-12 17:00:16",
      "post_content_filtered": "",
      "post_parent": 0,
      "menu_order": 0,
      "post_type": "banner",
      "post_mime_type": "",
      "comment_count": "0",
      "filter": "raw",
      "ancestors": [],
      "page_template": "",
      "post_category": [],
      "tags_input": []
    }
  },
  "post_terms": {
    "11438": [
      {
        "term_id": 3,
        "name": "main-menu",
        "slug": "main-menu",
        "term_group": 0,
        "term_taxonomy_id": 3,
        "taxonomy": "nav_menu",
        "description": "",
        "parent": 0,
        "count": 5,
        "filter": "raw"
      }
    ],
    "11439": [
      {
        "term_id": 3,
        "name": "main-menu",
        "slug": "main-menu",
        "term_group": 0,
        "term_taxonomy_id": 3,
        "taxonomy": "nav_menu",
        "description": "",
        "parent": 0,
        "count": 5,
        "filter": "raw"
      }
    ],
    "11443": [
      {
        "term_id": 3,
        "name": "main-menu",
        "slug": "main-menu",
        "term_group": 0,
        "term_taxonomy_id": 3,
        "taxonomy": "nav_menu",
        "description": "",
        "parent": 0,
        "count": 5,
        "filter": "raw"
      }
    ],
    "11444": [
      {
        "term_id": 3,
        "name": "main-menu",
        "slug": "main-menu",
        "term_group": 0,
        "term_taxonomy_id": 3,
        "taxonomy": "nav_menu",
        "description": "",
        "parent": 0,
        "count": 5,
        "filter": "raw"
      }
    ],
    "11445": [
      {
        "term_id": 3,
        "name": "main-menu",
        "slug": "main-menu",
        "term_group": 0,
        "term_taxonomy_id": 3,
        "taxonomy": "nav_menu",
        "description": "",
        "parent": 0,
        "count": 5,
        "filter": "raw"
      }
    ]
  },
  "post_meta": {
    "11438": [
      {
        "meta_key": "_menu_item_type",
        "meta_value": "custom"
      },
      {
        "meta_key": "_menu_item_menu_item_parent",
        "meta_value": "0"
      },
      {
        "meta_key": "_menu_item_object_id",
        "meta_value": "11438"
      },
      {
        "meta_key": "_menu_item_object",
        "meta_value": "custom"
      },
      {
        "meta_key": "_menu_item_target",
        "meta_value": ""
      },
      {
        "meta_key": "_menu_item_classes",
        "meta_value": "a:1:{i:0;s:0:\"\";}"
      },
      {
        "meta_key": "_menu_item_xfn",
        "meta_value": ""
      },
      {
        "meta_key": "_menu_item_url",
        "meta_value": "https://bigcommerce.com/login"
      }
    ],
    "11439": [
      {
        "meta_key": "_menu_item_type",
        "meta_value": "custom"
      },
      {
        "meta_key": "_menu_item_menu_item_parent",
        "meta_value": "0"
      },
      {
        "meta_key": "_menu_item_object_id",
        "meta_value": "11439"
      },
      {
        "meta_key": "_menu_item_object",
        "meta_value": "custom"
      },
      {
        "meta_key": "_menu_item_target",
        "meta_value": "_blank"
      },
      {
        "meta_key": "_menu_item_classes",
        "meta_value": "a:1:{i:0;s:0:\"\";}"
      },
      {
        "meta_key": "_menu_item_xfn",
        "meta_value": ""
      },
      {
        "meta_key": "_menu_item_url",
        "meta_value": "https://developers.wpengine.com/"
      }
    ],
    "11443": [
      {
        "meta_key": "_menu_item_type",
        "meta_value": "post_type"
      },
      {
        "meta_key": "_menu_item_menu_item_parent",
        "meta_value": "0"
      },
      {
        "meta_key": "_menu_item_object_id",
        "meta_value": "55"
      },
      {
        "meta_key": "_menu_item_object",
        "meta_value": "page"
      },
      {
        "meta_key": "_menu_item_target",
        "meta_value": ""
      },
      {
        "meta_key": "_menu_item_classes",
        "meta_value": "a:1:{i:0;s:0:\"\";}"
      },
      {
        "meta_key": "_menu_item_xfn",
        "meta_value": ""
      },
      {
        "meta_key": "_menu_item_url",
        "meta_value": ""
      }
    ],
    "11444": [
      {
        "meta_key": "_menu_item_type",
        "meta_value": "post_type"
      },
      {
        "meta_key": "_menu_item_menu_item_parent",
        "meta_value": "0"
      },
      {
        "meta_key": "_menu_item_object_id",
        "meta_value": "53"
      },
      {
        "meta_key": "_menu_item_object",
        "meta_value": "page"
      },
      {
        "meta_key": "_menu_item_target",
        "meta_value": ""
      },
      {
        "meta_key": "_menu_item_classes",
        "meta_value": "a:1:{i:0;s:0:\"\";}"
      },
      {
        "meta_key": "_menu_item_xfn",
        "meta_value": ""
      },
      {
        "meta_key": "_menu_item_url",
        "meta_value": ""
      }
    ],
    "11445": [
      {
        "meta_key": "_menu_item_type",
        "meta_value": "post_type"
      },
      {
        "meta_key": "_menu_item_menu_item_parent",
        "meta_value": "0"
      },
      {
        "meta_key": "_menu_item_object_id",
        "meta_value": "9"
      },
      {
        "meta_key": "_menu_item_object",
        "meta_value": "page"
      },
      {
        "meta_key": "_menu_item_target",
        "meta_value": ""
      },
      {
        "meta_key": "_menu_item_classes",
        "meta_value": "a:1:{i:0;s:0:\"\";}"
      },
      {
        "meta_key": "_menu_item_xfn",
        "meta_value": ""
      },
      {
        "meta_key": "_menu_item_url",
        "meta_value": ""
      }
    ],
    "53": [
      {
        "meta_key": "_wp_page_template",
        "meta_value": "blocks.php"
      }
    ],
    "55": [
      {
        "meta_key": "_wp_page_template",
        "meta_value": "blocks.php"
      }
    ],
    "12424": [
      {
        "meta_key": "storeLogo",
        "meta_value": "{\"url\":\"https://atlascommerce.wpengine.com/wp-content/uploads/2023/01/store-logo.jpeg\"}"
      },
      {
        "meta_key": "storePrimaryColor",
        "meta_value": ""
      },
      {
        "meta_key": "storeSecondaryColor",
        "meta_value": ""
      }
    ],
    "203": [
      {
        "meta_key": "name",
        "meta_value": "Sale Banner"
      },
      {
        "meta_key": "_wp_old_slug",
        "meta_value": "203"
      },
      {
        "meta_key": "content",
        "meta_value": "<p>This is a custom banner with text which includes <a href=\"#\">a link</a></p>"
      },
      {
        "meta_key": "backgroundColor",
        "meta_value": "#659b78"
      }
    ]
  },
  "media": [],
  "relationships": [],
  "wp-options": {
    "permalink_structure": "/%postname%/",
    "nav_menu_options": {
      "0": false,
      "auto_add": []
    },
    "theme_mods_twentytwentytwo": {
      "nav_menu_locations": {
        "primary": 3
      }
    },
    "current_theme": "Twenty Twenty-Two",
    "stylesheet": "twentytwentytwo",
    "template": "twentytwentytwo",
    "page_on_front": "53",
    "show_on_front": "page"
  }
}
